date,year,tournament,series,court,surface,round,best_of,winner,loser,wrank,lrank,wpts,lpts,w1,l1,w2,l2,w3,l3,w4,l4,w5,l5,wsets,lsets,status,win_counts,tsets,s1win,s1loss,s1win(%),s4win,s4loss,s4win(%)
2017-01-16,2017,Australian Open,Grand Slam,Outdoor,Hard,1st Round,5,Federer R.,Melzer J.,17.0,300.0,1980.0,164.0,7.0,5.0,3.0,6.0,6.0,2.0,6.0,2.0,,,3.0,1.0,Completed,163,4.0,163,1,99.0,20,1,95.0
2017-01-17,2017,Australian Open,Grand Slam,Outdoor,Hard,1st Round,5,Zverev A.,Haase R.,24.0,57.0,1655.0,808.0,6.0,2.0,3.0,6.0,5.0,7.0,6.0,3.0,6.0,2.0,3.0,2.0,Completed,226,5.0,226,13,95.0,24,1,96.0
2017-01-17,2017,Australian Open,Grand Slam,Outdoor,Hard,1st Round,5,Nadal R.,Mayer F.,9.0,49.0,3195.0,903.0,6.0,3.0,6.0,4.0,6.0,4.0,,,,,3.0,0.0,Completed,207,3.0,206,3,99.0,19,0,100.0
2017-01-17,2017,Australian Open,Grand Slam,Outdoor,Hard,1st Round,5,Thiem D.,Struff J.L.,8.0,58.0,3415.0,796.0,4.0,6.0,6.0,4.0,6.0,4.0,6.0,3.0,,,3.0,1.0,Completed,173,4.0,173,23,88.0,24,3,89.0
2017-01-17,2017,Australian Open,Grand Slam,Outdoor,Hard,1st Round,5,Djokovic N.,Verdasco F.,2.0,40.0,11780.0,1105.0,6.0,1.0,7.0,6.0,6.0,2.0,,,,,3.0,0.0,Completed,216,3.0,216,17,93.0,33,0,100.0
2017-01-18,2017,Australian Open,Grand Slam,Outdoor,Hard,2nd Round,5,Federer R.,Rubin N.,17.0,200.0,1980.0,274.0,7.0,5.0,6.0,3.0,7.0,6.0,,,,,3.0,0.0,Completed,163,3.0,163,2,99.0,20,0,100.0
2017-01-19,2017,Australian Open,Grand Slam,Outdoor,Hard,2nd Round,5,Nadal R.,Baghdatis M.,9.0,36.0,3195.0,1210.0,6.0,3.0,6.0,1.0,6.0,3.0,,,,,3.0,0.0,Completed,207,3.0,206,3,99.0,19,1,95.0
2017-01-19,2017,Australian Open,Grand Slam,Outdoor,Hard,2nd Round,5,Thiem D.,Thompson J.,8.0,76.0,3415.0,699.0,6.0,2.0,6.0,1.0,6.0,7.0,6.0,4.0,,,3.0,1.0,Completed,173,4.0,173,8,96.0,24,2,92.0
2017-01-19,2017,Australian Open,Grand Slam,Outdoor,Hard,2nd Round,5,Zverev A.,Tiafoe F.,24.0,108.0,1655.0,550.0,6.0,2.0,6.0,3.0,6.0,4.0,,,,,3.0,0.0,Completed,226,3.0,226,16,93.0,24,4,86.0
2017-01-20,2017,Australian Open,Grand Slam,Outdoor,Hard,3rd Round,5,Federer R.,Berdych T.,17.0,10.0,1980.0,3060.0,6.0,2.0,6.0,4.0,6.0,4.0,,,,,3.0,0.0,Completed,163,3.0,163,7,96.0,20,0,100.0
2017-01-21,2017,Australian Open,Grand Slam,Outdoor,Hard,3rd Round,5,Thiem D.,Paire B.,8.0,47.0,3415.0,960.0,6.0,1.0,4.0,6.0,6.0,4.0,6.0,4.0,,,3.0,1.0,Completed,173,4.0,173,17,91.0,24,3,89.0
2017-01-21,2017,Australian Open,Grand Slam,Outdoor,Hard,3rd Round,5,Nadal R.,Zverev A.,9.0,24.0,3195.0,1655.0,4.0,6.0,6.0,3.0,6.0,7.0,6.0,3.0,6.0,2.0,3.0,2.0,Completed,207,5.0,206,27,88.0,19,6,76.0
2017-01-22,2017,Australian Open,Grand Slam,Outdoor,Hard,4th Round,5,Federer R.,Nishikori K.,17.0,5.0,1980.0,5010.0,6.0,7.0,6.0,4.0,6.0,1.0,4.0,6.0,6.0,3.0,3.0,2.0,Completed,163,5.0,163,23,88.0,20,5,80.0
2017-01-23,2017,Australian Open,Grand Slam,Outdoor,Hard,4th Round,5,Nadal R.,Monfils G.,9.0,6.0,3195.0,3625.0,6.0,3.0,6.0,3.0,4.0,6.0,6.0,4.0,,,3.0,1.0,Completed,207,4.0,206,16,93.0,19,3,86.0
2017-01-24,2017,Australian Open,Grand Slam,Outdoor,Hard,Quarterfinals,5,Federer R.,Zverev M.,17.0,50.0,1980.0,894.0,6.0,1.0,7.0,5.0,6.0,2.0,,,,,3.0,0.0,Completed,163,3.0,163,9,95.0,20,0,100.0
2017-01-25,2017,Australian Open,Grand Slam,Outdoor,Hard,Quarterfinals,5,Nadal R.,Raonic M.,9.0,3.0,3195.0,5290.0,6.0,4.0,7.0,6.0,6.0,4.0,,,,,3.0,0.0,Completed,207,3.0,206,13,94.0,19,1,95.0
2017-01-26,2017,Australian Open,Grand Slam,Outdoor,Hard,Semifinals,5,Federer R.,Wawrinka S.,17.0,4.0,1980.0,5155.0,7.0,5.0,6.0,3.0,1.0,6.0,4.0,6.0,6.0,3.0,3.0,2.0,Completed,163,5.0,163,15,92.0,20,5,80.0
2017-01-27,2017,Australian Open,Grand Slam,Outdoor,Hard,Semifinals,5,Nadal R.,Dimitrov G.,9.0,15.0,3195.0,2135.0,6.0,3.0,5.0,7.0,7.0,6.0,6.0,7.0,6.0,4.0,3.0,2.0,Completed,207,5.0,206,23,90.0,19,1,95.0
2017-01-29,2017,Australian Open,Grand Slam,Outdoor,Hard,The Final,5,Federer R.,Nadal R.,17.0,9.0,1980.0,3195.0,6.0,4.0,3.0,6.0,6.0,1.0,3.0,6.0,6.0,3.0,3.0,2.0,Completed,163,5.0,163,19,90.0,20,6,77.0
2017-05-28,2017,French Open,Grand Slam,Outdoor,Clay,1st Round,5,Thiem D.,Tomic B.,7.0,39.0,4145.0,1015.0,6.0,4.0,6.0,0.0,6.0,2.0,,,,,3.0,0.0,Completed,173,3.0,173,2,99.0,24,0,100.0
2017-05-29,2017,French Open,Grand Slam,Outdoor,Clay,1st Round,5,Djokovic N.,Granollers M.,2.0,77.0,7445.0,675.0,6.0,3.0,6.0,4.0,6.0,2.0,,,,,3.0,0.0,Completed,216,3.0,216,2,99.0,33,0,100.0
2017-05-29,2017,French Open,Grand Slam,Outdoor,Clay,1st Round,5,Nadal R.,Paire B.,4.0,45.0,5375.0,950.0,6.0,1.0,6.0,4.0,6.0,1.0,,,,,3.0,0.0,Completed,207,3.0,206,17,92.0,19,3,86.0
2017-05-31,2017,French Open,Grand Slam,Outdoor,Clay,2nd Round,5,Thiem D.,Bolelli S.,7.0,470.0,4145.0,78.0,7.0,5.0,6.0,1.0,6.0,3.0,,,,,3.0,0.0,Completed,173,3.0,173,2,99.0,24,0,100.0
2017-05-31,2017,French Open,Grand Slam,Outdoor,Clay,2nd Round,5,Nadal R.,Haase R.,4.0,46.0,5375.0,948.0,6.0,1.0,6.0,4.0,6.0,3.0,,,,,3.0,0.0,Completed,207,3.0,206,13,94.0,19,1,95.0
2017-05-31,2017,French Open,Grand Slam,Outdoor,Clay,2nd Round,5,Djokovic N.,Sousa J.,2.0,59.0,7445.0,830.0,6.0,1.0,6.0,4.0,6.0,3.0,,,,,3.0,0.0,Completed,216,3.0,216,8,96.0,33,0,100.0
2017-06-02,2017,French Open,Grand Slam,Outdoor,Clay,3rd Round,5,Thiem D.,Johnson S.,7.0,26.0,4145.0,1565.0,6.0,1.0,7.0,6.0,6.0,3.0,,,,,3.0,0.0,Completed,173,3.0,173,10,95.0,24,1,96.0
2017-06-02,2017,French Open,Grand Slam,Outdoor,Clay,3rd Round,5,Djokovic N.,Schwartzman D.,2.0,41.0,7445.0,1005.0,5.0,7.0,6.0,3.0,3.0,6.0,6.0,1.0,6.0,1.0,3.0,2.0,Completed,216,5.0,216,29,88.0,33,5,87.0
2017-06-02,2017,French Open,Grand Slam,Outdoor,Clay,3rd Round,5,Nadal R.,Basilashvili N.,4.0,63.0,5375.0,811.0,6.0,0.0,6.0,1.0,6.0,0.0,,,,,3.0,0.0,Completed,207,3.0,206,17,92.0,19,2,90.0
2017-06-04,2017,French Open,Grand Slam,Outdoor,Clay,4th Round,5,Djokovic N.,Ramos-Vinolas A.,2.0,20.0,7445.0,2065.0,7.0,6.0,6.0,1.0,6.0,3.0,,,,,3.0,0.0,Completed,216,3.0,216,17,93.0,33,0,100.0
2017-06-04,2017,French Open,Grand Slam,Outdoor,Clay,4th Round,5,Thiem D.,Zeballos H.,7.0,65.0,4145.0,793.0,6.0,1.0,6.0,3.0,6.0,1.0,,,,,3.0,0.0,Completed,173,3.0,173,5,97.0,24,0,100.0
2017-06-04,2017,French Open,Grand Slam,Outdoor,Clay,4th Round,5,Nadal R.,Bautista Agut R.,4.0,18.0,5375.0,2155.0,6.0,1.0,6.0,2.0,6.0,2.0,,,,,3.0,0.0,Completed,207,3.0,206,22,90.0,19,3,86.0
2017-06-07,2017,French Open,Grand Slam,Outdoor,Clay,Quarterfinals,5,Nadal R.,Carreno Busta P.,4.0,21.0,5375.0,2045.0,6.0,2.0,2.0,0.0,,,,,,,1.0,0.0,Retired,207,1.0,206,24,90.0,19,2,90.0
2017-06-07,2017,French Open,Grand Slam,Outdoor,Clay,Quarterfinals,5,Thiem D.,Djokovic N.,7.0,2.0,4145.0,7445.0,7.0,6.0,6.0,3.0,6.0,0.0,,,,,3.0,0.0,Completed,173,3.0,173,18,91.0,24,1,96.0
2017-06-09,2017,French Open,Grand Slam,Outdoor,Clay,Semifinals,5,Nadal R.,Thiem D.,4.0,7.0,5375.0,4145.0,6.0,3.0,6.0,4.0,6.0,0.0,,,,,3.0,0.0,Completed,207,3.0,206,21,91.0,19,3,86.0
2017-06-11,2017,French Open,Grand Slam,Outdoor,Clay,The Final,5,Nadal R.,Wawrinka S.,4.0,3.0,5375.0,5695.0,6.0,2.0,6.0,3.0,6.0,1.0,,,,,3.0,0.0,Completed,207,3.0,206,15,93.0,19,5,79.0
2017-07-03,2017,Wimbledon,Grand Slam,Outdoor,Grass,1st Round,5,Nadal R.,Millman J.,2.0,137.0,7285.0,414.0,6.0,1.0,6.0,3.0,6.0,2.0,,,,,3.0,0.0,Completed,207,3.0,206,14,94.0,19,2,90.0
2017-07-03,2017,Wimbledon,Grand Slam,Outdoor,Grass,1st Round,5,Medvedev D.,Wawrinka S.,49.0,3.0,922.0,6175.0,6.0,4.0,3.0,6.0,6.0,4.0,6.0,1.0,,,3.0,1.0,Completed,195,4.0,195,15,93.0,14,5,74.0
2017-07-04,2017,Wimbledon,Grand Slam,Outdoor,Grass,1st Round,5,Rublev A.,Travaglia S.,95.0,155.0,585.0,355.0,6.0,7.0,6.0,3.0,7.0,5.0,1.0,6.0,7.0,5.0,3.0,2.0,Completed,154,5.0,147,4,97.0,15,1,94.0
2017-07-04,2017,Wimbledon,Grand Slam,Outdoor,Grass,1st Round,5,Djokovic N.,Klizan M.,4.0,47.0,6055.0,954.0,6.0,3.0,2.0,0.0,,,,,,,1.0,0.0,Retired,216,1.0,216,8,96.0,33,0,100.0
2017-07-04,2017,Wimbledon,Grand Slam,Outdoor,Grass,1st Round,5,Federer R.,Dolgopolov O.,5.0,84.0,5265.0,631.0,6.0,3.0,3.0,0.0,,,,,,,1.0,0.0,Retired,163,1.0,163,5,97.0,20,0,100.0
2017-07-04,2017,Wimbledon,Grand Slam,Outdoor,Grass,1st Round,5,Zverev A.,Donskoy E.,12.0,98.0,3070.0,584.0,6.0,4.0,7.0,6.0,6.0,3.0,,,,,3.0,0.0,Completed,226,3.0,226,5,98.0,24,0,100.0
2017-07-04,2017,Wimbledon,Grand Slam,Outdoor,Grass,1st Round,5,Thiem D.,Pospisil V.,8.0,73.0,3895.0,697.0,6.0,4.0,6.0,4.0,6.0,3.0,,,,,3.0,0.0,Completed,173,3.0,173,9,95.0,24,0,100.0
2017-07-05,2017,Wimbledon,Grand Slam,Outdoor,Grass,2nd Round,5,Nadal R.,Young D.,2.0,43.0,7285.0,970.0,6.0,4.0,6.0,2.0,7.0,5.0,,,,,3.0,0.0,Completed,207,3.0,206,3,99.0,19,0,100.0
2017-07-06,2017,Wimbledon,Grand Slam,Outdoor,Grass,2nd Round,5,Djokovic N.,Pavlasek A.,4.0,136.0,6055.0,415.0,6.0,2.0,6.0,2.0,6.0,1.0,,,,,3.0,0.0,Completed,216,3.0,216,1,100.0,33,0,100.0
2017-07-06,2017,Wimbledon,Grand Slam,Outdoor,Grass,2nd Round,5,Zverev A.,Tiafoe F.,12.0,64.0,3070.0,756.0,6.0,3.0,6.0,4.0,6.0,3.0,,,,,3.0,0.0,Completed,226,3.0,226,16,93.0,24,4,86.0
2017-07-06,2017,Wimbledon,Grand Slam,Outdoor,Grass,2nd Round,5,Federer R.,Lajovic D.,5.0,79.0,5265.0,661.0,7.0,6.0,6.0,3.0,6.0,2.0,,,,,3.0,0.0,Completed,163,3.0,163,17,91.0,20,2,91.0
2017-07-06,2017,Wimbledon,Grand Slam,Outdoor,Grass,2nd Round,5,Thiem D.,Simon G.,8.0,36.0,3895.0,1095.0,5.0,7.0,6.0,4.0,6.0,2.0,6.0,4.0,,,3.0,1.0,Completed,173,4.0,173,13,93.0,24,1,96.0
2017-07-07,2017,Wimbledon,Grand Slam,Outdoor,Grass,3rd Round,5,Nadal R.,Khachanov K.,2.0,34.0,7285.0,1176.0,6.0,1.0,6.0,4.0,7.0,6.0,,,,,3.0,0.0,Completed,207,3.0,206,23,90.0,19,2,90.0
2017-07-08,2017,Wimbledon,Grand Slam,Outdoor,Grass,3rd Round,5,Djokovic N.,Gulbis E.,4.0,589.0,6055.0,50.0,6.0,4.0,6.0,1.0,7.0,6.0,,,,,3.0,0.0,Completed,216,3.0,216,5,98.0,33,1,97.0
2017-07-08,2017,Wimbledon,Grand Slam,Outdoor,Grass,3rd Round,5,Zverev A.,Ofner S.,12.0,216.0,3070.0,248.0,6.0,4.0,6.0,4.0,6.0,2.0,,,,,3.0,0.0,Completed,226,3.0,226,2,99.0,24,0,100.0
2017-07-08,2017,Wimbledon,Grand Slam,Outdoor,Grass,3rd Round,5,Thiem D.,Donaldson J.,8.0,67.0,3895.0,730.0,7.0,5.0,6.0,4.0,6.0,2.0,,,,,3.0,0.0,Completed,173,3.0,173,7,96.0,24,1,96.0
2017-07-08,2017,Wimbledon,Grand Slam,Outdoor,Grass,3rd Round,5,Federer R.,Zverev M.,5.0,30.0,5265.0,1396.0,7.0,6.0,6.0,4.0,6.0,4.0,,,,,3.0,0.0,Completed,163,3.0,163,9,95.0,20,0,100.0
2017-07-10,2017,Wimbledon,Grand Slam,Outdoor,Grass,4th Round,5,Federer R.,Dimitrov G.,5.0,11.0,5265.0,3070.0,6.0,4.0,6.0,2.0,6.0,4.0,,,,,3.0,0.0,Completed,163,3.0,163,23,88.0,20,1,95.0
2017-07-11,2017,Wimbledon,Grand Slam,Outdoor,Grass,4th Round,5,Djokovic N.,Mannarino A.,4.0,51.0,6055.0,896.0,6.0,2.0,7.0,6.0,6.0,4.0,,,,,3.0,0.0,Completed,216,3.0,216,21,91.0,33,3,92.0
2017-07-12,2017,Wimbledon,Grand Slam,Outdoor,Grass,Quarterfinals,5,Federer R.,Raonic M.,5.0,7.0,5265.0,4150.0,6.0,4.0,6.0,2.0,7.0,6.0,,,,,3.0,0.0,Completed,163,3.0,163,13,93.0,20,1,95.0
2017-07-14,2017,Wimbledon,Grand Slam,Outdoor,Grass,Semifinals,5,Federer R.,Berdych T.,5.0,15.0,5265.0,2570.0,7.0,6.0,7.0,6.0,6.0,4.0,,,,,3.0,0.0,Completed,163,3.0,163,7,96.0,20,0,100.0
2017-07-16,2017,Wimbledon,Grand Slam,Outdoor,Grass,The Final,5,Federer R.,Cilic M.,5.0,6.0,5265.0,4235.0,6.0,3.0,6.0,1.0,6.0,4.0,,,,,3.0,0.0,Completed,163,3.0,163,27,86.0,20,5,80.0
2017-08-29,2017,US Open,Grand Slam,Outdoor,Hard,1st Round,5,Nadal R.,Lajovic D.,1.0,85.0,7645.0,637.0,7.0,6.0,6.0,2.0,6.0,2.0,,,,,3.0,0.0,Completed,207,3.0,206,17,92.0,19,2,90.0
2017-08-29,2017,US Open,Grand Slam,Outdoor,Hard,1st Round,5,Zverev A.,King D.,6.0,168.0,4470.0,338.0,7.0,6.0,7.0,5.0,6.0,4.0,,,,,3.0,0.0,Completed,226,3.0,226,1,100.0,24,0,100.0
2017-08-30,2017,US Open,Grand Slam,Outdoor,Hard,1st Round,5,Federer R.,Tiafoe F.,3.0,70.0,7145.0,705.0,4.0,6.0,6.0,2.0,6.0,1.0,1.0,6.0,6.0,4.0,3.0,2.0,Completed,163,5.0,163,16,91.0,20,4,83.0
2017-08-30,2017,US Open,Grand Slam,Outdoor,Hard,1st Round,5,Thiem D.,De Minaur A.,8.0,186.0,4030.0,298.0,6.0,4.0,6.0,1.0,6.0,1.0,,,,,3.0,0.0,Completed,173,3.0,173,18,91.0,24,0,100.0
2017-08-30,2017,US Open,Grand Slam,Outdoor,Hard,1st Round,5,Rublev A.,Bedene A.,53.0,48.0,890.0,958.0,6.0,1.0,6.0,4.0,6.0,4.0,,,,,3.0,0.0,Completed,154,3.0,147,16,90.0,15,2,88.0
2017-08-31,2017,US Open,Grand Slam,Outdoor,Hard,2nd Round,5,Rublev A.,Dimitrov G.,53.0,9.0,890.0,3710.0,7.0,5.0,7.0,6.0,6.0,3.0,,,,,3.0,0.0,Completed,154,3.0,147,23,86.0,15,1,94.0
2017-08-31,2017,US Open,Grand Slam,Outdoor,Hard,2nd Round,5,Federer R.,Youzhny M.,3.0,101.0,7145.0,541.0,6.0,1.0,6.0,7.0,4.0,6.0,6.0,4.0,6.0,2.0,3.0,2.0,Completed,163,5.0,163,2,99.0,20,1,95.0
2017-08-31,2017,US Open,Grand Slam,Outdoor,Hard,2nd Round,5,Thiem D.,Fritz T.,8.0,108.0,4030.0,519.0,6.0,4.0,6.0,4.0,4.0,6.0,7.0,5.0,,,3.0,1.0,Completed,173,4.0,173,14,93.0,24,6,80.0
2017-09-01,2017,US Open,Grand Slam,Outdoor,Hard,2nd Round,5,Nadal R.,Daniel T.,1.0,121.0,7645.0,465.0,4.0,6.0,6.0,3.0,6.0,2.0,6.0,2.0,,,3.0,1.0,Completed,207,4.0,206,6,97.0,19,2,90.0
2017-09-02,2017,US Open,Grand Slam,Outdoor,Hard,3rd Round,5,Rublev A.,Dzumhur D.,53.0,56.0,890.0,855.0,6.0,4.0,6.0,4.0,5.0,7.0,6.0,4.0,,,3.0,1.0,Completed,154,4.0,147,12,92.0,15,3,83.0
2017-09-02,2017,US Open,Grand Slam,Outdoor,Hard,3rd Round,5,Nadal R.,Mayer L.,1.0,59.0,7645.0,815.0,6.0,7.0,6.0,3.0,6.0,1.0,6.0,4.0,,,3.0,1.0,Completed,207,4.0,206,9,96.0,19,1,95.0
2017-09-02,2017,US Open,Grand Slam,Outdoor,Hard,3rd Round,5,Thiem D.,Mannarino A.,8.0,34.0,4030.0,1255.0,7.0,5.0,6.0,3.0,6.0,4.0,,,,,3.0,0.0,Completed,173,3.0,173,21,89.0,24,3,89.0
2017-09-03,2017,US Open,Grand Slam,Outdoor,Hard,3rd Round,5,Federer R.,Lopez F.,3.0,35.0,7145.0,1250.0,6.0,3.0,6.0,3.0,7.0,5.0,,,,,3.0,0.0,Completed,163,3.0,163,7,96.0,20,1,95.0
2017-09-04,2017,US Open,Grand Slam,Outdoor,Hard,4th Round,5,Nadal R.,Dolgopolov O.,1.0,64.0,7645.0,751.0,6.0,2.0,6.0,4.0,6.0,1.0,,,,,3.0,0.0,Completed,207,3.0,206,5,98.0,19,0,100.0
2017-09-04,2017,US Open,Grand Slam,Outdoor,Hard,4th Round,5,Rublev A.,Goffin D.,53.0,14.0,890.0,2525.0,7.0,5.0,7.0,6.0,6.0,3.0,,,,,3.0,0.0,Completed,154,3.0,147,19,89.0,15,2,88.0
2017-09-05,2017,US Open,Grand Slam,Outdoor,Hard,4th Round,5,Federer R.,Kohlschreiber P.,3.0,37.0,7145.0,1135.0,6.0,4.0,6.0,2.0,7.0,5.0,,,,,3.0,0.0,Completed,163,3.0,163,15,92.0,20,0,100.0
2017-09-06,2017,US Open,Grand Slam,Outdoor,Hard,Quarterfinals,5,Nadal R.,Rublev A.,1.0,53.0,7645.0,890.0,6.0,1.0,6.0,2.0,6.0,2.0,,,,,3.0,0.0,Completed,207,3.0,206,20,91.0,19,0,100.0
2017-09-09,2017,US Open,Grand Slam,Outdoor,Hard,Semifinals,5,Nadal R.,Del Potro J.M.,1.0,28.0,7645.0,1460.0,4.0,6.0,6.0,0.0,6.0,3.0,6.0,2.0,,,3.0,1.0,Completed,207,4.0,206,11,95.0,19,2,90.0
2017-09-10,2017,US Open,Grand Slam,Outdoor,Hard,The Final,5,Nadal R.,Anderson K.,1.0,32.0,7645.0,1360.0,6.0,3.0,6.0,3.0,6.0,4.0,,,,,3.0,0.0,Completed,207,3.0,206,21,91.0,19,1,95.0
2018-01-15,2018,Australian Open,Grand Slam,Outdoor,Hard,1st Round,5,Rublev A.,Ferrer D.,32.0,33.0,1373.0,1360.0,7.0,5.0,6.0,7.0,6.0,2.0,6.0,7.0,6.0,2.0,3.0,2.0,Completed,154,5.0,147,8,95.0,15,1,94.0
2018-01-15,2018,Australian Open,Grand Slam,Outdoor,Hard,1st Round,5,Nadal R.,Estrella Burgos V.,1.0,79.0,10600.0,677.0,6.0,1.0,6.0,1.0,6.0,1.0,,,,,3.0,0.0,Completed,207,3.0,206,1,100.0,19,0,100.0
2018-01-16,2018,Australian Open,Grand Slam,Outdoor,Hard,1st Round,5,Zverev A.,Fabbiano T.,4.0,73.0,4610.0,701.0,6.0,1.0,7.0,6.0,7.0,5.0,,,,,3.0,0.0,Completed,226,3.0,226,3,99.0,24,0,100.0
2018-01-16,2018,Australian Open,Grand Slam,Outdoor,Hard,1st Round,5,Thiem D.,Pella G.,5.0,56.0,4060.0,864.0,6.0,4.0,6.0,4.0,6.0,4.0,,,,,3.0,0.0,Completed,173,3.0,173,12,94.0,24,1,96.0
2018-01-16,2018,Australian Open,Grand Slam,Outdoor,Hard,1st Round,5,Medvedev D.,Kokkinakis T.,53.0,216.0,884.0,245.0,6.0,2.0,6.0,7.0,7.0,6.0,6.0,4.0,,,3.0,1.0,Completed,195,4.0,195,4,98.0,14,2,88.0
2018-01-16,2018,Australian Open,Grand Slam,Outdoor,Hard,1st Round,5,Federer R.,Bedene A.,2.0,51.0,9605.0,968.0,6.0,3.0,6.0,4.0,6.0,3.0,,,,,3.0,0.0,Completed,163,3.0,163,16,91.0,20,2,91.0
2018-01-16,2018,Australian Open,Grand Slam,Outdoor,Hard,1st Round,5,Djokovic N.,Young D.,14.0,63.0,2335.0,816.0,6.0,1.0,6.0,2.0,6.0,4.0,,,,,3.0,0.0,Completed,216,3.0,216,3,99.0,33,0,100.0
2018-01-17,2018,Australian Open,Grand Slam,Outdoor,Hard,2nd Round,5,Rublev A.,Baghdatis M.,32.0,123.0,1373.0,474.0,6.0,4.0,6.0,7.0,6.0,4.0,6.0,2.0,,,3.0,1.0,Completed,154,4.0,147,3,98.0,15,1,94.0
2018-01-17,2018,Australian Open,Grand Slam,Outdoor,Hard,2nd Round,5,Nadal R.,Mayer L.,1.0,52.0,10600.0,929.0,6.0,3.0,6.0,4.0,7.0,6.0,,,,,3.0,0.0,Completed,207,3.0,206,9,96.0,19,1,95.0
2018-01-18,2018,Australian Open,Grand Slam,Outdoor,Hard,2nd Round,5,Thiem D.,Kudla D.,5.0,190.0,4060.0,272.0,6.0,7.0,3.0,6.0,6.0,3.0,6.0,2.0,6.0,3.0,3.0,2.0,Completed,173,5.0,173,9,95.0,24,1,96.0
2018-01-18,2018,Australian Open,Grand Slam,Outdoor,Hard,2nd Round,5,Federer R.,Struff J.L.,2.0,55.0,9605.0,870.0,6.0,4.0,6.0,4.0,7.0,6.0,,,,,3.0,0.0,Completed,163,3.0,163,23,88.0,20,3,87.0
2018-01-18,2018,Australian Open,Grand Slam,Outdoor,Hard,2nd Round,5,Djokovic N.,Monfils G.,14.0,39.0,2335.0,1265.0,4.0,6.0,6.0,3.0,6.0,1.0,6.0,3.0,,,3.0,1.0,Completed,216,4.0,216,16,93.0,33,3,92.0
2018-01-18,2018,Australian Open,Grand Slam,Outdoor,Hard,2nd Round,5,Zverev A.,Gojowczyk P.,4.0,62.0,4610.0,827.0,6.0,1.0,6.0,3.0,4.0,6.0,6.0,3.0,,,3.0,1.0,Completed,226,4.0,226,8,97.0,24,1,96.0
2018-01-19,2018,Australian Open,Grand Slam,Outdoor,Hard,3rd Round,5,Nadal R.,Dzumhur D.,1.0,30.0,10600.0,1391.0,6.0,1.0,6.0,3.0,6.0,1.0,,,,,3.0,0.0,Completed,207,3.0,206,12,94.0,19,3,86.0
2018-01-20,2018,Australian Open,Grand Slam,Outdoor,Hard,3rd Round,5,Thiem D.,Mannarino A.,5.0,27.0,4060.0,1625.0,6.0,4.0,6.0,2.0,7.0,5.0,,,,,3.0,0.0,Completed,173,3.0,173,21,89.0,24,3,89.0
2018-01-20,2018,Australian Open,Grand Slam,Outdoor,Hard,3rd Round,5,Djokovic N.,Ramos-Vinolas A.,14.0,22.0,2335.0,1845.0,6.0,2.0,6.0,3.0,6.0,3.0,,,,,3.0,0.0,Completed,216,3.0,216,17,93.0,33,0,100.0
2018-01-20,2018,Australian Open,Grand Slam,Outdoor,Hard,3rd Round,5,Federer R.,Gasquet R.,2.0,31.0,9605.0,1375.0,6.0,2.0,7.0,5.0,6.0,4.0,,,,,3.0,0.0,Completed,163,3.0,163,17,91.0,20,1,95.0
2018-01-21,2018,Australian Open,Grand Slam,Outdoor,Hard,4th Round,5,Nadal R.,Schwartzman D.,1.0,26.0,10600.0,1675.0,6.0,3.0,6.0,7.0,6.0,3.0,6.0,3.0,,,3.0,1.0,Completed,207,4.0,206,29,88.0,19,5,79.0
2018-01-22,2018,Australian Open,Grand Slam,Outdoor,Hard,4th Round,5,Federer R.,Fucsovics M.,2.0,80.0,9605.0,674.0,6.0,4.0,7.0,6.0,6.0,2.0,,,,,3.0,0.0,Completed,163,3.0,163,16,91.0,20,3,87.0
2018-01-24,2018,Australian Open,Grand Slam,Outdoor,Hard,Quarterfinals,5,Federer R.,Berdych T.,2.0,20.0,9605.0,2050.0,7.0,6.0,6.0,3.0,6.0,4.0,,,,,3.0,0.0,Completed,163,3.0,163,7,96.0,20,0,100.0
2018-01-26,2018,Australian Open,Grand Slam,Outdoor,Hard,Semifinals,5,Federer R.,Chung H.,2.0,58.0,9605.0,857.0,6.0,1.0,5.0,2.0,,,,,,,1.0,0.0,Retired,163,1.0,163,7,96.0,20,0,100.0
2018-01-28,2018,Australian Open,Grand Slam,Outdoor,Hard,The Final,5,Federer R.,Cilic M.,2.0,6.0,9605.0,3805.0,6.0,2.0,6.0,7.0,6.0,3.0,3.0,6.0,6.0,1.0,3.0,2.0,Completed,163,5.0,163,27,86.0,20,5,80.0
2018-05-27,2018,French Open,Grand Slam,Outdoor,Clay,1st Round,5,Zverev A.,Berankis R.,3.0,102.0,5615.0,594.0,6.0,1.0,6.0,1.0,6.0,2.0,,,,,3.0,0.0,Completed,226,3.0,226,8,97.0,24,0,100.0
2018-05-27,2018,French Open,Grand Slam,Outdoor,Clay,1st Round,5,Berrettini M.,Otte O.,96.0,156.0,639.0,351.0,3.0,6.0,7.0,5.0,6.0,2.0,6.0,1.0,,,3.0,1.0,Completed,107,4.0,104,4,96.0,19,3,86.0
2018-05-28,2018,French Open,Grand Slam,Outdoor,Clay,1st Round,5,Tsitsipas S.,Taberner C.,39.0,213.0,1212.0,278.0,7.0,5.0,6.0,7.0,6.0,4.0,6.0,3.0,,,3.0,1.0,Completed,170,4.0,166,2,99.0,17,1,94.0
2018-05-28,2018,French Open,Grand Slam,Outdoor,Clay,1st Round,5,Thiem D.,Ivashka I.,8.0,119.0,3355.0,462.0,6.0,2.0,6.0,4.0,6.0,1.0,,,,,3.0,0.0,Completed,173,3.0,173,8,96.0,24,1,96.0
2018-05-28,2018,French Open,Grand Slam,Outdoor,Clay,1st Round,5,Djokovic N.,Dutra Silva R.,22.0,134.0,1665.0,421.0,6.0,3.0,6.0,4.0,6.0,4.0,,,,,3.0,0.0,Completed,216,3.0,216,2,99.0,33,0,100.0
2018-05-29,2018,French Open,Grand Slam,Outdoor,Clay,1st Round,5,Nadal R.,Bolelli S.,1.0,129.0,8770.0,430.0,6.0,4.0,6.0,3.0,7.0,6.0,,,,,3.0,0.0,Completed,207,3.0,206,2,99.0,19,0,100.0
2018-05-30,2018,French Open,Grand Slam,Outdoor,Clay,2nd Round,5,Djokovic N.,Munar J.,22.0,155.0,1665.0,356.0,7.0,6.0,6.0,4.0,6.0,4.0,,,,,3.0,0.0,Completed,216,3.0,216,7,97.0,33,1,97.0
2018-05-30,2018,French Open,Grand Slam,Outdoor,Clay,2nd Round,5,Berrettini M.,Gulbis E.,96.0,160.0,639.0,342.0,6.0,2.0,3.0,6.0,6.0,4.0,6.0,3.0,,,3.0,1.0,Completed,107,4.0,104,5,95.0,19,1,95.0
2018-05-30,2018,French Open,Grand Slam,Outdoor,Clay,2nd Round,5,Zverev A.,Lajovic D.,3.0,60.0,5615.0,894.0,2.0,6.0,7.0,5.0,4.0,6.0,6.0,1.0,6.0,2.0,3.0,2.0,Completed,226,5.0,226,17,93.0,24,2,92.0
2018-05-31,2018,French Open,Grand Slam,Outdoor,Clay,2nd Round,5,Nadal R.,Pella G.,1.0,78.0,8770.0,728.0,6.0,2.0,6.0,1.0,6.0,1.0,,,,,3.0,0.0,Completed,207,3.0,206,12,94.0,19,1,95.0
2018-05-31,2018,French Open,Grand Slam,Outdoor,Clay,2nd Round,5,Thiem D.,Tsitsipas S.,8.0,39.0,3355.0,1212.0,6.0,2.0,2.0,6.0,6.0,4.0,6.0,4.0,,,3.0,1.0,Completed,173,4.0,173,33,84.0,24,5,83.0
2018-06-01,2018,French Open,Grand Slam,Outdoor,Clay,3rd Round,5,Thiem D.,Berrettini M.,8.0,96.0,3355.0,639.0,6.0,3.0,6.0,7.0,6.0,3.0,6.0,2.0,,,3.0,1.0,Completed,173,4.0,173,16,92.0,24,6,80.0
2018-06-01,2018,French Open,Grand Slam,Outdoor,Clay,3rd Round,5,Zverev A.,Dzumhur D.,3.0,29.0,5615.0,1415.0,6.0,2.0,3.0,6.0,4.0,6.0,7.0,6.0,7.0,5.0,3.0,2.0,Completed,226,5.0,226,12,95.0,24,3,89.0
2018-06-01,2018,French Open,Grand Slam,Outdoor,Clay,3rd Round,5,Djokovic N.,Bautista Agut R.,22.0,13.0,1665.0,2120.0,6.0,4.0,6.0,7.0,7.0,6.0,6.0,2.0,,,3.0,1.0,Completed,216,4.0,216,22,91.0,33,3,92.0
2018-06-02,2018,French Open,Grand Slam,Outdoor,Clay,3rd Round,5,Nadal R.,Gasquet R.,1.0,32.0,8770.0,1395.0,6.0,3.0,6.0,2.0,6.0,2.0,,,,,3.0,0.0,Completed,207,3.0,206,17,92.0,19,1,95.0
2018-06-03,2018,French Open,Grand Slam,Outdoor,Clay,4th Round,5,Zverev A.,Khachanov K.,3.0,38.0,5615.0,1220.0,4.0,6.0,7.0,6.0,2.0,6.0,6.0,3.0,6.0,3.0,3.0,2.0,Completed,226,5.0,226,23,91.0,24,2,92.0
2018-06-03,2018,French Open,Grand Slam,Outdoor,Clay,4th Round,5,Djokovic N.,Verdasco F.,22.0,35.0,1665.0,1280.0,6.0,3.0,6.0,4.0,6.0,2.0,,,,,3.0,0.0,Completed,216,3.0,216,17,93.0,33,0,100.0
2018-06-03,2018,French Open,Grand Slam,Outdoor,Clay,4th Round,5,Thiem D.,Nishikori K.,8.0,21.0,3355.0,1710.0,6.0,2.0,6.0,0.0,5.0,7.0,6.0,4.0,,,3.0,1.0,Completed,173,4.0,173,23,88.0,24,5,83.0
2018-06-04,2018,French Open,Grand Slam,Outdoor,Clay,4th Round,5,Nadal R.,Marterer M.,1.0,70.0,8770.0,831.0,6.0,3.0,6.0,2.0,7.0,6.0,,,,,3.0,0.0,Completed,207,3.0,206,5,98.0,19,0,100.0
2018-06-05,2018,French Open,Grand Slam,Outdoor,Clay,Quarterfinals,5,Thiem D.,Zverev A.,8.0,3.0,3355.0,5615.0,6.0,4.0,6.0,2.0,6.0,1.0,,,,,3.0,0.0,Completed,173,3.0,173,27,86.0,24,6,80.0
2018-06-07,2018,French Open,Grand Slam,Outdoor,Clay,Quarterfinals,5,Nadal R.,Schwartzman D.,1.0,12.0,8770.0,2165.0,4.0,6.0,6.0,3.0,6.0,2.0,6.0,2.0,,,3.0,1.0,Completed,207,4.0,206,29,88.0,19,5,79.0
2018-06-08,2018,French Open,Grand Slam,Outdoor,Clay,Semifinals,5,Thiem D.,Cecchinato M.,8.0,72.0,3355.0,806.0,7.0,5.0,7.0,6.0,6.0,1.0,,,,,3.0,0.0,Completed,173,3.0,173,5,97.0,24,0,100.0
2018-06-08,2018,French Open,Grand Slam,Outdoor,Clay,Semifinals,5,Nadal R.,Del Potro J.M.,1.0,6.0,8770.0,4450.0,6.0,4.0,6.0,1.0,6.0,2.0,,,,,3.0,0.0,Completed,207,3.0,206,11,95.0,19,2,90.0
2018-06-10,2018,French Open,Grand Slam,Outdoor,Clay,The Final,5,Nadal R.,Thiem D.,1.0,8.0,8770.0,3355.0,6.0,4.0,6.0,3.0,6.0,2.0,,,,,3.0,0.0,Completed,207,3.0,206,21,91.0,19,3,86.0
2018-07-02,2018,Wimbledon,Grand Slam,Outdoor,Grass,1st Round,5,Federer R.,Lajovic D.,2.0,58.0,8720.0,920.0,6.0,1.0,6.0,3.0,6.0,4.0,,,,,3.0,0.0,Completed,163,3.0,163,17,91.0,20,2,91.0
2018-07-02,2018,Wimbledon,Grand Slam,Outdoor,Grass,1st Round,5,Medvedev D.,Coric B.,67.0,20.0,847.0,1745.0,7.0,6.0,6.0,2.0,6.0,2.0,,,,,3.0,0.0,Completed,195,3.0,195,18,92.0,14,1,93.0
2018-07-02,2018,Wimbledon,Grand Slam,Outdoor,Grass,1st Round,5,Tsitsipas S.,Barrere G.,35.0,188.0,1254.0,302.0,6.0,3.0,6.0,4.0,6.0,7.0,7.0,5.0,,,3.0,1.0,Completed,170,4.0,166,2,99.0,17,1,94.0
2018-07-03,2018,Wimbledon,Grand Slam,Outdoor,Grass,1st Round,5,Zverev A.,Duckworth J.,3.0,748.0,5755.0,28.0,7.0,5.0,6.0,2.0,6.0,0.0,,,,,3.0,0.0,Completed,226,3.0,226,4,98.0,24,0,100.0
2018-07-03,2018,Wimbledon,Grand Slam,Outdoor,Grass,1st Round,5,Nadal R.,Sela D.,1.0,127.0,8770.0,437.0,6.0,3.0,6.0,3.0,6.0,2.0,,,,,3.0,0.0,Completed,207,3.0,206,3,99.0,19,0,100.0
2018-07-03,2018,Wimbledon,Grand Slam,Outdoor,Grass,1st Round,5,Berrettini M.,Sock J.,81.0,15.0,721.0,2110.0,6.0,7.0,6.0,7.0,6.0,4.0,7.0,5.0,6.0,2.0,3.0,2.0,Completed,107,5.0,104,12,90.0,19,2,90.0
2018-07-03,2018,Wimbledon,Grand Slam,Outdoor,Grass,1st Round,5,Djokovic N.,Sandgren T.,21.0,57.0,1715.0,923.0,6.0,3.0,6.0,1.0,6.0,2.0,,,,,3.0,0.0,Completed,216,3.0,216,11,95.0,33,2,94.0
2018-07-04,2018,Wimbledon,Grand Slam,Outdoor,Grass,2nd Round,5,Federer R.,Lacko L.,2.0,73.0,8720.0,752.0,6.0,4.0,6.0,4.0,6.0,1.0,,,,,3.0,0.0,Completed,163,3.0,163,1,99.0,20,0,100.0
2018-07-04,2018,Wimbledon,Grand Slam,Outdoor,Grass,2nd Round,5,Medvedev D.,Garcia-Lopez G.,67.0,65.0,847.0,863.0,6.0,3.0,6.0,4.0,6.0,2.0,,,,,3.0,0.0,Completed,195,3.0,195,5,98.0,14,0,100.0
2018-07-05,2018,Wimbledon,Grand Slam,Outdoor,Grass,2nd Round,5,Nadal R.,Kukushkin M.,1.0,77.0,8770.0,734.0,6.0,4.0,6.0,3.0,6.0,4.0,,,,,3.0,0.0,Completed,207,3.0,206,8,96.0,19,0,100.0
2018-07-05,2018,Wimbledon,Grand Slam,Outdoor,Grass,2nd Round,5,Djokovic N.,Zeballos H.,21.0,126.0,1715.0,438.0,6.0,1.0,6.0,2.0,6.0,3.0,,,,,3.0,0.0,Completed,216,3.0,216,5,98.0,33,0,100.0
2018-07-05,2018,Wimbledon,Grand Slam,Outdoor,Grass,2nd Round,5,Tsitsipas S.,Donaldson J.,35.0,54.0,1254.0,945.0,6.0,3.0,6.0,2.0,3.0,6.0,4.0,6.0,6.0,3.0,3.0,2.0,Completed,170,5.0,166,7,96.0,17,1,94.0
2018-07-06,2018,Wimbledon,Grand Slam,Outdoor,Grass,3rd Round,5,Federer R.,Struff J.L.,2.0,64.0,8720.0,865.0,6.0,3.0,7.0,5.0,6.0,2.0,,,,,3.0,0.0,Completed,163,3.0,163,23,88.0,20,3,87.0
2018-07-06,2018,Wimbledon,Grand Slam,Outdoor,Grass,3rd Round,5,Tsitsipas S.,Fabbiano T.,35.0,133.0,1254.0,424.0,6.0,2.0,6.0,1.0,6.0,4.0,,,,,3.0,0.0,Completed,170,3.0,166,3,98.0,17,0,100.0
2018-07-06,2018,Wimbledon,Grand Slam,Outdoor,Grass,2nd Round,5,Zverev A.,Fritz T.,3.0,68.0,5755.0,839.0,6.0,4.0,5.0,7.0,6.0,7.0,6.0,1.0,6.0,2.0,3.0,2.0,Completed,226,5.0,226,14,94.0,24,6,80.0
2018-07-07,2018,Wimbledon,Grand Slam,Outdoor,Grass,3rd Round,5,Djokovic N.,Edmund K.,21.0,17.0,1715.0,1950.0,4.0,6.0,6.0,3.0,6.0,2.0,6.0,4.0,,,3.0,1.0,Completed,216,4.0,216,14,94.0,33,2,94.0
2018-07-07,2018,Wimbledon,Grand Slam,Outdoor,Grass,3rd Round,5,Nadal R.,De Minaur A.,1.0,80.0,8770.0,723.0,6.0,1.0,6.0,2.0,6.0,4.0,,,,,3.0,0.0,Completed,207,3.0,206,18,92.0,19,0,100.0
2018-07-09,2018,Wimbledon,Grand Slam,Outdoor,Grass,4th Round,5,Nadal R.,Vesely J.,1.0,93.0,8770.0,640.0,6.0,3.0,6.0,3.0,6.0,4.0,,,,,3.0,0.0,Completed,207,3.0,206,1,100.0,19,0,100.0
2018-07-09,2018,Wimbledon,Grand Slam,Outdoor,Grass,4th Round,5,Federer R.,Mannarino A.,2.0,26.0,8720.0,1580.0,6.0,0.0,7.0,5.0,6.0,4.0,,,,,3.0,0.0,Completed,163,3.0,163,21,89.0,20,3,87.0
2018-07-09,2018,Wimbledon,Grand Slam,Outdoor,Grass,4th Round,5,Djokovic N.,Khachanov K.,21.0,40.0,1715.0,1130.0,6.0,4.0,6.0,2.0,6.0,2.0,,,,,3.0,0.0,Completed,216,3.0,216,23,90.0,33,2,94.0
2018-07-11,2018,Wimbledon,Grand Slam,Outdoor,Grass,Quarterfinals,5,Nadal R.,Del Potro J.M.,1.0,4.0,8770.0,5080.0,7.0,5.0,6.0,7.0,4.0,6.0,6.0,4.0,6.0,4.0,3.0,2.0,Completed,207,5.0,206,11,95.0,19,2,90.0
2018-07-11,2018,Wimbledon,Grand Slam,Outdoor,Grass,Quarterfinals,5,Djokovic N.,Nishikori K.,21.0,28.0,1715.0,1530.0,6.0,3.0,3.0,6.0,6.0,2.0,6.0,2.0,,,3.0,1.0,Completed,216,4.0,216,23,90.0,33,5,87.0
2018-07-14,2018,Wimbledon,Grand Slam,Outdoor,Grass,Semifinals,5,Djokovic N.,Nadal R.,21.0,1.0,1715.0,8770.0,6.0,4.0,3.0,6.0,7.0,6.0,3.0,6.0,10.0,8.0,3.0,2.0,Completed,216,5.0,216,19,92.0,33,6,85.0
2018-07-15,2018,Wimbledon,Grand Slam,Outdoor,Grass,The Final,5,Djokovic N.,Anderson K.,21.0,8.0,1715.0,3635.0,6.0,2.0,6.0,2.0,7.0,6.0,,,,,3.0,0.0,Completed,216,3.0,216,21,91.0,33,1,97.0
2018-08-27,2018,US Open,Grand Slam,Outdoor,Hard,1st Round,5,Medvedev D.,Donskoy E.,36.0,80.0,1182.0,718.0,7.0,5.0,6.0,4.0,6.0,2.0,,,,,3.0,0.0,Completed,195,3.0,195,5,98.0,14,0,100.0
2018-08-27,2018,US Open,Grand Slam,Outdoor,Hard,1st Round,5,Tsitsipas S.,Robredo T.,15.0,214.0,2042.0,260.0,6.0,3.0,7.0,6.0,6.0,4.0,,,,,3.0,0.0,Completed,170,3.0,166,1,99.0,17,0,100.0
2018-08-28,2018,US Open,Grand Slam,Outdoor,Hard,1st Round,5,Thiem D.,Basic M.,9.0,81.0,3485.0,713.0,6.0,3.0,6.0,1.0,6.0,4.0,,,,,3.0,0.0,Completed,173,3.0,173,3,98.0,24,0,100.0
2018-08-28,2018,US Open,Grand Slam,Outdoor,Hard,1st Round,5,Nadal R.,Ferrer D.,1.0,148.0,10040.0,390.0,6.0,3.0,3.0,4.0,,,,,,,1.0,0.0,Retired,207,1.0,206,8,96.0,19,1,95.0
2018-08-28,2018,US Open,Grand Slam,Outdoor,Hard,1st Round,5,Djokovic N.,Fucsovics M.,6.0,41.0,4445.0,1072.0,6.0,3.0,3.0,6.0,6.0,4.0,6.0,0.0,,,3.0,1.0,Completed,216,4.0,216,16,93.0,33,3,92.0
2018-08-28,2018,US Open,Grand Slam,Outdoor,Hard,1st Round,5,Zverev A.,Polansky P.,4.0,119.0,4845.0,468.0,6.0,2.0,6.0,1.0,6.0,2.0,,,,,3.0,0.0,Completed,226,3.0,226,3,99.0,24,0,100.0
2018-08-29,2018,US Open,Grand Slam,Outdoor,Hard,2nd Round,5,Thiem D.,Johnson S.,9.0,31.0,3485.0,1340.0,6.0,7.0,6.0,3.0,5.0,7.0,6.0,4.0,6.0,1.0,3.0,2.0,Completed,173,5.0,173,10,95.0,24,1,96.0
2018-08-29,2018,US Open,Grand Slam,Outdoor,Hard,1st Round,5,Federer R.,Nishioka Y.,2.0,177.0,7080.0,323.0,6.0,2.0,6.0,2.0,6.0,4.0,,,,,3.0,0.0,Completed,163,3.0,163,5,97.0,20,0,100.0
2018-08-29,2018,US Open,Grand Slam,Outdoor,Hard,2nd Round,5,Medvedev D.,Tsitsipas S.,36.0,15.0,1182.0,2042.0,6.0,4.0,6.0,3.0,4.0,6.0,6.0,3.0,,,3.0,1.0,Completed,195,4.0,195,33,86.0,14,5,74.0
2018-08-30,2018,US Open,Grand Slam,Outdoor,Hard,2nd Round,5,Zverev A.,Mahut N.,4.0,131.0,4845.0,433.0,6.0,4.0,6.0,4.0,6.0,2.0,,,,,3.0,0.0,Completed,226,3.0,226,3,99.0,24,0,100.0
2018-08-30,2018,US Open,Grand Slam,Outdoor,Hard,2nd Round,5,Nadal R.,Pospisil V.,1.0,88.0,10040.0,642.0,6.0,3.0,6.0,4.0,6.0,2.0,,,,,3.0,0.0,Completed,207,3.0,206,9,96.0,19,0,100.0
2018-08-30,2018,US Open,Grand Slam,Outdoor,Hard,2nd Round,5,Federer R.,Paire B.,2.0,56.0,7080.0,955.0,7.0,5.0,6.0,4.0,6.0,4.0,,,,,3.0,0.0,Completed,163,3.0,163,17,91.0,20,3,87.0
2018-08-31,2018,US Open,Grand Slam,Outdoor,Hard,2nd Round,5,Djokovic N.,Sandgren T.,6.0,61.0,4445.0,876.0,6.0,1.0,6.0,3.0,6.0,7.0,6.0,2.0,,,3.0,1.0,Completed,216,4.0,216,11,95.0,33,2,94.0
2018-08-31,2018,US Open,Grand Slam,Outdoor,Hard,3rd Round,5,Thiem D.,Fritz T.,9.0,74.0,3485.0,780.0,3.0,6.0,6.0,3.0,7.0,6.0,6.0,4.0,,,3.0,1.0,Completed,173,4.0,173,14,93.0,24,6,80.0
2018-08-31,2018,US Open,Grand Slam,Outdoor,Hard,3rd Round,5,Nadal R.,Khachanov K.,1.0,26.0,10040.0,1525.0,5.0,7.0,7.0,5.0,7.0,6.0,7.0,6.0,,,3.0,1.0,Completed,207,4.0,206,23,90.0,19,2,90.0
2018-09-01,2018,US Open,Grand Slam,Outdoor,Hard,3rd Round,5,Federer R.,Kyrgios N.,2.0,30.0,7080.0,1345.0,6.0,4.0,6.0,1.0,7.0,5.0,,,,,3.0,0.0,Completed,163,3.0,163,13,93.0,20,3,87.0
2018-09-02,2018,US Open,Grand Slam,Outdoor,Hard,3rd Round,5,Djokovic N.,Gasquet R.,6.0,25.0,4445.0,1535.0,6.0,2.0,6.0,3.0,6.0,3.0,,,,,3.0,0.0,Completed,216,3.0,216,17,93.0,33,1,97.0
2018-09-02,2018,US Open,Grand Slam,Outdoor,Hard,4th Round,5,Thiem D.,Anderson K.,9.0,5.0,3485.0,4615.0,7.0,5.0,6.0,2.0,7.0,6.0,,,,,3.0,0.0,Completed,173,3.0,173,21,89.0,24,1,96.0
2018-09-02,2018,US Open,Grand Slam,Outdoor,Hard,4th Round,5,Nadal R.,Basilashvili N.,1.0,37.0,10040.0,1152.0,6.0,3.0,6.0,3.0,6.0,7.0,6.0,4.0,,,3.0,1.0,Completed,207,4.0,206,17,92.0,19,2,90.0
2018-09-03,2018,US Open,Grand Slam,Outdoor,Hard,4th Round,5,Djokovic N.,Sousa J.,6.0,68.0,4445.0,816.0,6.0,3.0,6.0,4.0,6.0,3.0,,,,,3.0,0.0,Completed,216,3.0,216,8,96.0,33,0,100.0
2018-09-05,2018,US Open,Grand Slam,Outdoor,Hard,Quarterfinals,5,Nadal R.,Thiem D.,1.0,9.0,10040.0,3485.0,0.0,6.0,6.0,4.0,7.0,5.0,6.0,7.0,7.0,6.0,3.0,2.0,Completed,207,5.0,206,21,91.0,19,3,86.0
2018-09-06,2018,US Open,Grand Slam,Outdoor,Hard,Quarterfinals,5,Djokovic N.,Millman J.,6.0,55.0,4445.0,963.0,6.0,3.0,6.0,4.0,6.0,4.0,,,,,3.0,0.0,Completed,216,3.0,216,14,94.0,33,2,94.0
2018-09-08,2018,US Open,Grand Slam,Outdoor,Hard,Semifinals,5,Djokovic N.,Nishikori K.,6.0,19.0,4445.0,1755.0,6.0,3.0,6.0,4.0,6.0,2.0,,,,,3.0,0.0,Completed,216,3.0,216,23,90.0,33,5,87.0
2018-09-09,2018,US Open,Grand Slam,Outdoor,Hard,The Final,5,Djokovic N.,Del Potro J.M.,6.0,3.0,4445.0,5500.0,6.0,3.0,7.0,6.0,6.0,3.0,,,,,3.0,0.0,Completed,216,3.0,216,11,95.0,33,2,94.0
2019-01-14,2019,Australian Open,Grand Slam,Outdoor,Hard,1st Round,5,Tsitsipas S.,Berrettini M.,15.0,54.0,2095.0,920.0,6.0,7.0,6.0,4.0,6.0,3.0,7.0,6.0,,,3.0,1.0,Completed,170,4.0,166,16,91.0,17,6,74.0
2019-01-14,2019,Australian Open,Grand Slam,Outdoor,Hard,1st Round,5,Nadal R.,Duckworth J.,2.0,237.0,7480.0,206.0,6.0,4.0,6.0,3.0,7.0,5.0,,,,,3.0,0.0,Completed,207,3.0,206,4,98.0,19,0,100.0
2019-01-14,2019,Australian Open,Grand Slam,Outdoor,Hard,1st Round,5,Federer R.,Istomin D.,3.0,101.0,6420.0,577.0,6.0,3.0,6.0,4.0,6.0,4.0,,,,,3.0,0.0,Completed,163,3.0,163,5,97.0,20,0,100.0
2019-01-15,2019,Australian Open,Grand Slam,Outdoor,Hard,1st Round,5,Medvedev D.,Harris L.,19.0,119.0,1865.0,472.0,6.0,1.0,6.0,2.0,6.0,1.0,,,,,3.0,0.0,Completed,195,3.0,195,11,95.0,14,2,88.0
2019-01-15,2019,Australian Open,Grand Slam,Outdoor,Hard,1st Round,5,Zverev A.,Bedene A.,4.0,67.0,6385.0,760.0,6.0,4.0,6.0,1.0,6.0,4.0,,,,,3.0,0.0,Completed,226,3.0,226,16,93.0,24,2,92.0
2019-01-15,2019,Australian Open,Grand Slam,Outdoor,Hard,1st Round,5,Djokovic N.,Krueger M.,1.0,230.0,9135.0,216.0,6.0,3.0,6.0,2.0,6.0,2.0,,,,,3.0,0.0,Completed,216,3.0,216,1,100.0,33,0,100.0
2019-01-15,2019,Australian Open,Grand Slam,Outdoor,Hard,1st Round,5,Thiem D.,Paire B.,8.0,61.0,4095.0,820.0,6.0,4.0,6.0,3.0,5.0,7.0,1.0,6.0,6.0,3.0,3.0,2.0,Completed,173,5.0,173,17,91.0,24,3,89.0
2019-01-16,2019,Australian Open,Grand Slam,Outdoor,Hard,2nd Round,5,Nadal R.,Ebden M.,2.0,48.0,7480.0,981.0,6.0,3.0,6.0,2.0,6.0,2.0,,,,,3.0,0.0,Completed,207,3.0,206,4,98.0,19,0,100.0
2019-01-16,2019,Australian Open,Grand Slam,Outdoor,Hard,2nd Round,5,Tsitsipas S.,Troicki V.,15.0,200.0,2095.0,252.0,6.0,3.0,2.0,6.0,6.0,2.0,7.0,5.0,,,3.0,1.0,Completed,170,4.0,166,3,98.0,17,1,94.0
2019-01-16,2019,Australian Open,Grand Slam,Outdoor,Hard,2nd Round,5,Federer R.,Evans D.,3.0,189.0,6420.0,266.0,7.0,6.0,7.0,6.0,6.0,3.0,,,,,3.0,0.0,Completed,163,3.0,163,13,93.0,20,0,100.0
2019-01-17,2019,Australian Open,Grand Slam,Outdoor,Hard,2nd Round,5,Djokovic N.,Tsonga J.W.,1.0,177.0,9135.0,290.0,6.0,3.0,7.0,5.0,6.0,4.0,,,,,3.0,0.0,Completed,216,3.0,216,8,96.0,33,0,100.0
2019-01-17,2019,Australian Open,Grand Slam,Outdoor,Hard,2nd Round,5,Medvedev D.,Harrison R.,19.0,83.0,1865.0,660.0,6.0,3.0,6.0,3.0,6.0,3.0,,,,,3.0,0.0,Completed,195,3.0,195,3,98.0,14,0,100.0
2019-01-17,2019,Australian Open,Grand Slam,Outdoor,Hard,2nd Round,5,Zverev A.,Chardy J.,4.0,36.0,6385.0,1120.0,7.0,6.0,6.0,4.0,5.0,7.0,6.0,7.0,6.0,1.0,3.0,2.0,Completed,226,5.0,226,20,92.0,24,1,96.0
2019-01-18,2019,Australian Open,Grand Slam,Outdoor,Hard,3rd Round,5,Federer R.,Fritz T.,3.0,50.0,6420.0,964.0,6.0,2.0,7.0,5.0,6.0,2.0,,,,,3.0,0.0,Completed,163,3.0,163,14,92.0,20,6,77.0
2019-01-18,2019,Australian Open,Grand Slam,Outdoor,Hard,3rd Round,5,Tsitsipas S.,Basilashvili N.,15.0,20.0,2095.0,1820.0,6.0,3.0,3.0,6.0,7.0,6.0,6.0,4.0,,,3.0,1.0,Completed,170,4.0,166,17,91.0,17,2,89.0
2019-01-18,2019,Australian Open,Grand Slam,Outdoor,Hard,3rd Round,5,Nadal R.,De Minaur A.,2.0,29.0,7480.0,1353.0,6.0,1.0,6.0,2.0,6.0,4.0,,,,,3.0,0.0,Completed,207,3.0,206,18,92.0,19,0,100.0
2019-01-19,2019,Australian Open,Grand Slam,Outdoor,Hard,3rd Round,5,Medvedev D.,Goffin D.,19.0,22.0,1865.0,1785.0,6.0,2.0,7.0,6.0,6.0,3.0,,,,,3.0,0.0,Completed,195,3.0,195,19,91.0,14,2,88.0
2019-01-19,2019,Australian Open,Grand Slam,Outdoor,Hard,3rd Round,5,Djokovic N.,Shapovalov D.,1.0,27.0,9135.0,1440.0,6.0,3.0,6.0,4.0,4.0,6.0,6.0,0.0,,,3.0,1.0,Completed,216,4.0,216,16,93.0,33,1,97.0
2019-01-19,2019,Australian Open,Grand Slam,Outdoor,Hard,3rd Round,5,Zverev A.,Bolt A.,4.0,155.0,6385.0,343.0,6.0,3.0,6.0,3.0,6.0,2.0,,,,,3.0,0.0,Completed,226,3.0,226,2,99.0,24,1,96.0
2019-01-20,2019,Australian Open,Grand Slam,Outdoor,Hard,4th Round,5,Tsitsipas S.,Federer R.,15.0,3.0,2095.0,6420.0,6.0,7.0,7.0,6.0,7.0,5.0,7.0,6.0,,,3.0,1.0,Completed,170,4.0,166,12,93.0,17,2,89.0
2019-01-20,2019,Australian Open,Grand Slam,Outdoor,Hard,4th Round,5,Nadal R.,Berdych T.,2.0,57.0,7480.0,865.0,6.0,0.0,6.0,1.0,7.0,6.0,,,,,3.0,0.0,Completed,207,3.0,206,7,97.0,19,0,100.0
2019-01-21,2019,Australian Open,Grand Slam,Outdoor,Hard,4th Round,5,Djokovic N.,Medvedev D.,1.0,19.0,9135.0,1865.0,6.0,4.0,6.0,7.0,6.0,2.0,6.0,3.0,,,3.0,1.0,Completed,216,4.0,216,18,92.0,33,2,94.0
2019-01-22,2019,Australian Open,Grand Slam,Outdoor,Hard,Quarterfinals,5,Tsitsipas S.,Bautista Agut R.,15.0,24.0,2095.0,1605.0,7.0,5.0,4.0,6.0,6.0,4.0,7.0,6.0,,,3.0,1.0,Completed,170,4.0,166,22,88.0,17,3,85.0
2019-01-22,2019,Australian Open,Grand Slam,Outdoor,Hard,Quarterfinals,5,Nadal R.,Tiafoe F.,2.0,39.0,7480.0,1080.0,6.0,3.0,6.0,4.0,6.0,2.0,,,,,3.0,0.0,Completed,207,3.0,206,16,93.0,19,4,83.0
2019-01-23,2019,Australian Open,Grand Slam,Outdoor,Hard,Quarterfinals,5,Djokovic N.,Nishikori K.,1.0,9.0,9135.0,3750.0,6.0,1.0,4.0,1.0,,,,,,,1.0,0.0,Retired,216,1.0,216,23,90.0,33,5,87.0
2019-01-24,2019,Australian Open,Grand Slam,Outdoor,Hard,Semifinals,5,Nadal R.,Tsitsipas S.,2.0,15.0,7480.0,2095.0,6.0,2.0,6.0,4.0,6.0,0.0,,,,,3.0,0.0,Completed,207,3.0,206,33,86.0,19,5,79.0
2019-01-25,2019,Australian Open,Grand Slam,Outdoor,Hard,Semifinals,5,Djokovic N.,Pouille L.,1.0,31.0,9135.0,1245.0,6.0,0.0,6.0,2.0,6.0,2.0,,,,,3.0,0.0,Completed,216,3.0,216,11,95.0,33,0,100.0
2019-01-27,2019,Australian Open,Grand Slam,Outdoor,Hard,The Final,5,Djokovic N.,Nadal R.,1.0,2.0,9135.0,7480.0,6.0,3.0,6.0,2.0,6.0,3.0,,,,,3.0,0.0,Completed,216,3.0,216,19,92.0,33,6,85.0
2019-05-26,2019,French Open,Grand Slam,Outdoor,Clay,1st Round,5,Ruud C.,Gulbis E.,63.0,79.0,810.0,687.0,6.0,2.0,7.0,6.0,6.0,0.0,,,,,3.0,0.0,Completed,102,3.0,86,5,95.0,5,1,83.0
2019-05-26,2019,French Open,Grand Slam,Outdoor,Clay,1st Round,5,Tsitsipas S.,Marterer M.,6.0,116.0,4080.0,493.0,6.0,2.0,6.0,2.0,7.0,6.0,,,,,3.0,0.0,Completed,170,3.0,166,5,97.0,17,0,100.0
2019-05-26,2019,French Open,Grand Slam,Outdoor,Clay,1st Round,5,Federer R.,Sonego L.,3.0,74.0,5950.0,732.0,6.0,2.0,6.0,4.0,6.0,4.0,,,,,3.0,0.0,Completed,163,3.0,163,11,94.0,20,0,100.0
2019-05-26,2019,French Open,Grand Slam,Outdoor,Clay,1st Round,5,Berrettini M.,Andujar P.,31.0,93.0,1320.0,602.0,6.0,7.0,6.0,4.0,6.0,4.0,6.0,2.0,,,3.0,1.0,Completed,107,4.0,104,8,93.0,19,1,95.0
2019-05-27,2019,French Open,Grand Slam,Outdoor,Clay,1st Round,5,Thiem D.,Paul T.,4.0,131.0,4685.0,421.0,6.0,4.0,4.0,6.0,7.0,6.0,6.0,2.0,,,3.0,1.0,Completed,173,4.0,173,9,95.0,24,4,86.0
2019-05-27,2019,French Open,Grand Slam,Outdoor,Clay,1st Round,5,Nadal R.,Hanfmann Y.,2.0,180.0,7945.0,284.0,6.0,2.0,6.0,1.0,6.0,3.0,,,,,3.0,0.0,Completed,207,3.0,206,3,99.0,19,0,100.0
2019-05-27,2019,French Open,Grand Slam,Outdoor,Clay,1st Round,5,Djokovic N.,Hurkacz H.,1.0,44.0,12355.0,1040.0,6.0,4.0,6.0,2.0,6.0,2.0,,,,,3.0,0.0,Completed,216,3.0,216,14,94.0,33,2,94.0
2019-05-28,2019,French Open,Grand Slam,Outdoor,Clay,1st Round,5,Zverev A.,Millman J.,5.0,56.0,4360.0,875.0,7.0,6.0,6.0,3.0,2.0,6.0,6.0,7.0,6.0,3.0,3.0,2.0,Completed,226,5.0,226,14,94.0,24,2,92.0
2019-05-29,2019,French Open,Grand Slam,Outdoor,Clay,2nd Round,5,Tsitsipas S.,Dellien H.,6.0,86.0,4080.0,651.0,4.0,6.0,6.0,0.0,6.0,3.0,7.0,5.0,,,3.0,1.0,Completed,170,4.0,166,6,97.0,17,2,89.0
2019-05-29,2019,French Open,Grand Slam,Outdoor,Clay,2nd Round,5,Nadal R.,Maden Y.,2.0,114.0,7945.0,504.0,6.0,1.0,6.0,2.0,6.0,4.0,,,,,3.0,0.0,Completed,207,3.0,206,1,100.0,19,0,100.0
2019-05-29,2019,French Open,Grand Slam,Outdoor,Clay,2nd Round,5,Ruud C.,Berrettini M.,63.0,31.0,810.0,1320.0,6.0,4.0,7.0,5.0,6.0,3.0,,,,,3.0,0.0,Completed,102,3.0,86,16,84.0,5,6,45.0
2019-05-29,2019,French Open,Grand Slam,Outdoor,Clay,2nd Round,5,Federer R.,Otte O.,3.0,144.0,5950.0,391.0,6.0,4.0,6.0,3.0,6.0,4.0,,,,,3.0,0.0,Completed,163,3.0,163,4,98.0,20,3,87.0
2019-05-30,2019,French Open,Grand Slam,Outdoor,Clay,2nd Round,5,Thiem D.,Bublik A.,4.0,91.0,4685.0,616.0,6.0,3.0,6.0,7.0,6.0,3.0,7.0,5.0,,,3.0,1.0,Completed,173,4.0,173,11,94.0,24,1,96.0
2019-05-30,2019,French Open,Grand Slam,Outdoor,Clay,2nd Round,5,Zverev A.,Ymer M.,5.0,148.0,4360.0,386.0,6.0,1.0,6.0,3.0,7.0,6.0,,,,,3.0,0.0,Completed,226,3.0,226,5,98.0,24,0,100.0
2019-05-30,2019,French Open,Grand Slam,Outdoor,Clay,2nd Round,5,Djokovic N.,Laaksonen H.,1.0,104.0,12355.0,548.0,6.0,1.0,6.0,4.0,6.0,3.0,,,,,3.0,0.0,Completed,216,3.0,216,2,99.0,33,0,100.0
2019-05-31,2019,French Open,Grand Slam,Outdoor,Clay,3rd Round,5,Nadal R.,Goffin D.,2.0,29.0,7945.0,1325.0,6.0,1.0,6.0,3.0,4.0,6.0,6.0,3.0,,,3.0,1.0,Completed,207,4.0,206,19,92.0,19,2,90.0
2019-05-31,2019,French Open,Grand Slam,Outdoor,Clay,3rd Round,5,Federer R.,Ruud C.,3.0,63.0,5950.0,810.0,6.0,3.0,6.0,1.0,7.0,6.0,,,,,3.0,0.0,Completed,163,3.0,163,15,92.0,20,0,100.0
2019-06-01,2019,French Open,Grand Slam,Outdoor,Clay,3rd Round,5,Djokovic N.,Caruso S.,1.0,147.0,12355.0,388.0,6.0,3.0,6.0,3.0,6.0,2.0,,,,,3.0,0.0,Completed,216,3.0,216,6,97.0,33,0,100.0
2019-06-01,2019,French Open,Grand Slam,Outdoor,Clay,3rd Round,5,Zverev A.,Lajovic D.,5.0,35.0,4360.0,1226.0,6.0,4.0,6.0,2.0,4.0,6.0,1.0,6.0,6.0,2.0,3.0,2.0,Completed,226,5.0,226,17,93.0,24,2,92.0
2019-06-01,2019,French Open,Grand Slam,Outdoor,Clay,3rd Round,5,Tsitsipas S.,Krajinovic F.,6.0,60.0,4080.0,838.0,7.0,5.0,6.0,3.0,6.0,7.0,7.0,6.0,,,3.0,1.0,Completed,170,4.0,166,16,91.0,17,2,89.0
2019-06-01,2019,French Open,Grand Slam,Outdoor,Clay,3rd Round,5,Thiem D.,Cuevas P.,4.0,47.0,4685.0,983.0,6.0,3.0,4.0,6.0,6.0,2.0,7.0,5.0,,,3.0,1.0,Completed,173,4.0,173,13,93.0,24,1,96.0
2019-06-02,2019,French Open,Grand Slam,Outdoor,Clay,4th Round,5,Nadal R.,Londero J.I.,2.0,78.0,7945.0,695.0,6.0,2.0,6.0,3.0,6.0,3.0,,,,,3.0,0.0,Completed,207,3.0,206,5,98.0,19,0,100.0
2019-06-02,2019,French Open,Grand Slam,Outdoor,Clay,4th Round,5,Federer R.,Mayer L.,3.0,68.0,5950.0,770.0,6.0,2.0,6.0,3.0,6.0,3.0,,,,,3.0,0.0,Completed,163,3.0,163,9,95.0,20,1,95.0
2019-06-03,2019,French Open,Grand Slam,Outdoor,Clay,4th Round,5,Djokovic N.,Struff J.L.,1.0,45.0,12355.0,1035.0,6.0,3.0,6.0,2.0,6.0,2.0,,,,,3.0,0.0,Completed,216,3.0,216,23,90.0,33,3,92.0
2019-06-03,2019,French Open,Grand Slam,Outdoor,Clay,4th Round,5,Zverev A.,Fognini F.,5.0,12.0,4360.0,2785.0,3.0,6.0,6.0,2.0,6.0,2.0,7.0,6.0,,,3.0,1.0,Completed,226,4.0,226,23,91.0,24,2,92.0
2019-06-03,2019,French Open,Grand Slam,Outdoor,Clay,4th Round,5,Thiem D.,Monfils G.,4.0,17.0,4685.0,1965.0,6.0,4.0,6.0,4.0,6.0,2.0,,,,,3.0,0.0,Completed,173,3.0,173,16,92.0,24,3,89.0
2019-06-04,2019,French Open,Grand Slam,Outdoor,Clay,Quarterfinals,5,Federer R.,Wawrinka S.,3.0,28.0,5950.0,1365.0,7.0,6.0,4.0,6.0,7.0,6.0,6.0,4.0,,,3.0,1.0,Completed,163,4.0,163,15,92.0,20,5,80.0
2019-06-04,2019,French Open,Grand Slam,Outdoor,Clay,Quarterfinals,5,Nadal R.,Nishikori K.,2.0,7.0,7945.0,3860.0,6.0,1.0,6.0,1.0,6.0,3.0,,,,,3.0,0.0,Completed,207,3.0,206,23,90.0,19,5,79.0
2019-06-06,2019,French Open,Grand Slam,Outdoor,Clay,Quarterfinals,5,Djokovic N.,Zverev A.,1.0,5.0,12355.0,4360.0,7.0,5.0,6.0,2.0,6.0,2.0,,,,,3.0,0.0,Completed,216,3.0,216,27,89.0,33,6,85.0
2019-06-06,2019,French Open,Grand Slam,Outdoor,Clay,Quarterfinals,5,Thiem D.,Khachanov K.,4.0,11.0,4685.0,2800.0,6.0,2.0,6.0,4.0,6.0,2.0,,,,,3.0,0.0,Completed,173,3.0,173,23,88.0,24,2,92.0
2019-06-07,2019,French Open,Grand Slam,Outdoor,Clay,Semifinals,5,Nadal R.,Federer R.,2.0,3.0,7945.0,5950.0,6.0,3.0,6.0,4.0,6.0,2.0,,,,,3.0,0.0,Completed,207,3.0,206,12,94.0,19,2,90.0
2019-06-08,2019,French Open,Grand Slam,Outdoor,Clay,Semifinals,5,Thiem D.,Djokovic N.,4.0,1.0,4685.0,12355.0,6.0,2.0,3.0,6.0,7.0,5.0,5.0,7.0,7.0,5.0,3.0,2.0,Completed,173,5.0,173,18,91.0,24,1,96.0
2019-06-09,2019,French Open,Grand Slam,Outdoor,Clay,The Final,5,Nadal R.,Thiem D.,2.0,4.0,7945.0,4685.0,6.0,3.0,5.0,7.0,6.0,1.0,6.0,1.0,,,3.0,1.0,Completed,207,4.0,206,21,91.0,19,3,86.0
2019-07-01,2019,Wimbledon,Grand Slam,Outdoor,Grass,1st Round,5,Djokovic N.,Kohlschreiber P.,1.0,57.0,12415.0,885.0,6.0,3.0,7.0,5.0,6.0,3.0,,,,,3.0,0.0,Completed,216,3.0,216,15,94.0,33,0,100.0
2019-07-01,2019,Wimbledon,Grand Slam,Outdoor,Grass,1st Round,5,Medvedev D.,Lorenzi P.,13.0,106.0,2625.0,531.0,6.0,3.0,7.0,6.0,7.0,6.0,,,,,3.0,0.0,Completed,195,3.0,195,5,98.0,14,0,100.0
2019-07-02,2019,Wimbledon,Grand Slam,Outdoor,Grass,1st Round,5,Rublev A.,Garin C.,79.0,34.0,696.0,1259.0,4.0,6.0,6.0,4.0,7.0,5.0,6.0,4.0,,,3.0,1.0,Completed,154,4.0,147,10,94.0,15,1,94.0
2019-07-02,2019,Wimbledon,Grand Slam,Outdoor,Grass,1st Round,5,Berrettini M.,Bedene A.,20.0,85.0,1665.0,660.0,3.0,6.0,6.0,3.0,6.0,2.0,7.0,6.0,,,3.0,1.0,Completed,107,4.0,104,16,87.0,19,2,90.0
2019-07-02,2019,Wimbledon,Grand Slam,Outdoor,Grass,1st Round,5,Federer R.,Harris L.,3.0,86.0,6620.0,652.0,3.0,6.0,6.0,1.0,6.0,2.0,6.0,2.0,,,3.0,1.0,Completed,163,4.0,163,11,94.0,20,2,91.0
2019-07-02,2019,Wimbledon,Grand Slam,Outdoor,Grass,1st Round,5,Nadal R.,Sugita Y.,2.0,274.0,7945.0,151.0,6.0,3.0,6.0,1.0,6.0,3.0,,,,,3.0,0.0,Completed,207,3.0,206,6,97.0,19,0,100.0
2019-07-03,2019,Wimbledon,Grand Slam,Outdoor,Grass,2nd Round,5,Medvedev D.,Popyrin A.,13.0,101.0,2625.0,553.0,6.0,7.0,6.0,1.0,6.0,4.0,6.0,4.0,,,3.0,1.0,Completed,195,4.0,195,10,95.0,14,2,88.0
2019-07-03,2019,Wimbledon,Grand Slam,Outdoor,Grass,2nd Round,5,Djokovic N.,Kudla D.,1.0,111.0,12415.0,520.0,6.0,3.0,6.0,2.0,6.0,2.0,,,,,3.0,0.0,Completed,216,3.0,216,9,96.0,33,1,97.0
2019-07-04,2019,Wimbledon,Grand Slam,Outdoor,Grass,2nd Round,5,Nadal R.,Kyrgios N.,2.0,43.0,7945.0,1045.0,6.0,3.0,3.0,6.0,7.0,6.0,7.0,6.0,,,3.0,1.0,Completed,207,4.0,206,13,94.0,19,3,86.0
2019-07-04,2019,Wimbledon,Grand Slam,Outdoor,Grass,2nd Round,5,Federer R.,Clarke J.,3.0,169.0,6620.0,316.0,6.0,1.0,7.0,6.0,6.0,2.0,,,,,3.0,0.0,Completed,163,3.0,163,1,99.0,20,0,100.0
2019-07-04,2019,Wimbledon,Grand Slam,Outdoor,Grass,2nd Round,5,Berrettini M.,Baghdatis M.,20.0,135.0,1665.0,420.0,6.0,1.0,7.0,6.0,6.0,3.0,,,,,3.0,0.0,Completed,107,3.0,104,3,97.0,19,1,95.0
2019-07-05,2019,Wimbledon,Grand Slam,Outdoor,Grass,3rd Round,5,Djokovic N.,Hurkacz H.,1.0,48.0,12415.0,959.0,7.0,5.0,6.0,7.0,6.0,1.0,6.0,4.0,,,3.0,1.0,Completed,216,4.0,216,14,94.0,33,2,94.0
2019-07-06,2019,Wimbledon,Grand Slam,Outdoor,Grass,3rd Round,5,Berrettini M.,Schwartzman D.,20.0,24.0,1665.0,1485.0,6.0,7.0,7.0,6.0,4.0,6.0,7.0,6.0,6.0,3.0,3.0,2.0,Completed,107,5.0,104,29,78.0,19,5,79.0
2019-07-06,2019,Wimbledon,Grand Slam,Outdoor,Grass,3rd Round,5,Nadal R.,Tsonga J.W.,2.0,72.0,7945.0,750.0,6.0,2.0,6.0,3.0,6.0,2.0,,,,,3.0,0.0,Completed,207,3.0,206,8,96.0,19,0,100.0
2019-07-06,2019,Wimbledon,Grand Slam,Outdoor,Grass,3rd Round,5,Federer R.,Pouille L.,3.0,28.0,6620.0,1340.0,7.0,5.0,6.0,2.0,7.0,6.0,,,,,3.0,0.0,Completed,163,3.0,163,11,94.0,20,0,100.0
2019-07-08,2019,Wimbledon,Grand Slam,Outdoor,Grass,4th Round,5,Nadal R.,Sousa J.,2.0,69.0,7945.0,770.0,6.0,2.0,6.0,2.0,6.0,2.0,,,,,3.0,0.0,Completed,207,3.0,206,8,96.0,19,0,100.0
2019-07-08,2019,Wimbledon,Grand Slam,Outdoor,Grass,4th Round,5,Djokovic N.,Humbert U.,1.0,66.0,12415.0,822.0,6.0,3.0,6.0,2.0,6.0,3.0,,,,,3.0,0.0,Completed,216,3.0,216,5,98.0,33,0,100.0
2019-07-08,2019,Wimbledon,Grand Slam,Outdoor,Grass,4th Round,5,Federer R.,Berrettini M.,3.0,20.0,6620.0,1665.0,6.0,1.0,6.0,2.0,6.0,2.0,,,,,3.0,0.0,Completed,163,3.0,163,16,91.0,20,6,77.0
2019-07-10,2019,Wimbledon,Grand Slam,Outdoor,Grass,Quarterfinals,5,Djokovic N.,Goffin D.,1.0,23.0,12415.0,1510.0,6.0,4.0,6.0,0.0,6.0,2.0,,,,,3.0,0.0,Completed,216,3.0,216,19,92.0,33,2,94.0
2019-07-10,2019,Wimbledon,Grand Slam,Outdoor,Grass,Quarterfinals,5,Nadal R.,Querrey S.,2.0,65.0,7945.0,830.0,7.0,5.0,6.0,2.0,6.0,2.0,,,,,3.0,0.0,Completed,207,3.0,206,11,95.0,19,1,95.0
2019-07-10,2019,Wimbledon,Grand Slam,Outdoor,Grass,Quarterfinals,5,Federer R.,Nishikori K.,3.0,7.0,6620.0,4040.0,4.0,6.0,6.0,1.0,6.0,4.0,6.0,4.0,,,3.0,1.0,Completed,163,4.0,163,23,88.0,20,5,80.0
2019-07-12,2019,Wimbledon,Grand Slam,Outdoor,Grass,Semifinals,5,Djokovic N.,Bautista Agut R.,1.0,22.0,12415.0,1600.0,6.0,2.0,4.0,6.0,6.0,3.0,6.0,2.0,,,3.0,1.0,Completed,216,4.0,216,22,91.0,33,3,92.0
2019-07-12,2019,Wimbledon,Grand Slam,Outdoor,Grass,Semifinals,5,Federer R.,Nadal R.,3.0,2.0,6620.0,7945.0,7.0,6.0,1.0,6.0,6.0,3.0,6.0,4.0,,,3.0,1.0,Completed,163,4.0,163,19,90.0,20,6,77.0
2019-07-14,2019,Wimbledon,Grand Slam,Outdoor,Grass,The Final,5,Djokovic N.,Federer R.,1.0,3.0,12415.0,6620.0,7.0,6.0,1.0,6.0,7.0,6.0,4.0,6.0,13.0,12.0,3.0,2.0,Completed,216,5.0,216,12,95.0,33,2,94.0
2019-08-26,2019,US Open,Grand Slam,Outdoor,Hard,1st Round,5,Djokovic N.,Carballes Baena R.,1.0,76.0,11685.0,787.0,6.0,4.0,6.0,1.0,6.0,4.0,,,,,3.0,0.0,Completed,216,3.0,216,9,96.0,33,0,100.0
2019-08-26,2019,US Open,Grand Slam,Outdoor,Hard,1st Round,5,Medvedev D.,Gunneswaran P.,5.0,88.0,4125.0,610.0,6.0,4.0,6.0,1.0,6.0,2.0,,,,,3.0,0.0,Completed,195,3.0,195,2,99.0,14,0,100.0
2019-08-27,2019,US Open,Grand Slam,Outdoor,Hard,1st Round,5,Berrettini M.,Gasquet R.,25.0,36.0,1535.0,1280.0,6.0,4.0,6.0,3.0,2.0,6.0,6.0,2.0,,,3.0,1.0,Completed,107,4.0,104,17,86.0,19,1,95.0
2019-08-27,2019,US Open,Grand Slam,Outdoor,Hard,1st Round,5,Federer R.,Nagal S.,3.0,190.0,6950.0,264.0,4.0,6.0,6.0,1.0,6.0,2.0,6.0,4.0,,,3.0,1.0,Completed,163,4.0,163,2,99.0,20,1,95.0
2019-08-27,2019,US Open,Grand Slam,Outdoor,Hard,1st Round,5,Rublev A.,Tsitsipas S.,43.0,8.0,1066.0,3455.0,6.0,4.0,6.0,7.0,7.0,6.0,7.0,5.0,,,3.0,1.0,Completed,154,4.0,147,33,82.0,15,5,75.0
2019-08-27,2019,US Open,Grand Slam,Outdoor,Hard,1st Round,5,Zverev A.,Albot R.,6.0,41.0,4005.0,1137.0,6.0,1.0,6.0,3.0,3.0,6.0,4.0,6.0,6.0,2.0,3.0,2.0,Completed,226,5.0,226,9,96.0,24,2,92.0
2019-08-28,2019,US Open,Grand Slam,Outdoor,Hard,1st Round,5,Nadal R.,Millman J.,2.0,60.0,7945.0,936.0,6.0,3.0,6.0,2.0,6.0,2.0,,,,,3.0,0.0,Completed,207,3.0,206,14,94.0,19,2,90.0
2019-08-28,2019,US Open,Grand Slam,Outdoor,Hard,2nd Round,5,Federer R.,Dzumhur D.,3.0,99.0,6950.0,535.0,3.0,6.0,6.0,2.0,6.0,3.0,6.0,4.0,,,3.0,1.0,Completed,163,4.0,163,12,93.0,20,3,87.0
2019-08-29,2019,US Open,Grand Slam,Outdoor,Hard,2nd Round,5,Berrettini M.,Thompson J.,25.0,55.0,1535.0,976.0,7.0,5.0,7.0,6.0,4.0,6.0,6.0,1.0,,,3.0,1.0,Completed,107,4.0,104,8,93.0,19,2,90.0
2019-08-29,2019,US Open,Grand Slam,Outdoor,Hard,2nd Round,5,Zverev A.,Tiafoe F.,6.0,45.0,4005.0,1060.0,6.0,3.0,3.0,6.0,6.0,2.0,2.0,6.0,6.0,3.0,3.0,2.0,Completed,226,5.0,226,16,93.0,24,4,86.0
2019-08-29,2019,US Open,Grand Slam,Outdoor,Hard,2nd Round,5,Djokovic N.,Londero J.I.,1.0,56.0,11685.0,970.0,6.0,4.0,7.0,6.0,6.0,1.0,,,,,3.0,0.0,Completed,216,3.0,216,5,98.0,33,0,100.0
2019-08-29,2019,US Open,Grand Slam,Outdoor,Hard,2nd Round,5,Medvedev D.,Dellien H.,5.0,84.0,4125.0,618.0,6.0,3.0,7.0,5.0,5.0,7.0,6.0,3.0,,,3.0,1.0,Completed,195,4.0,195,6,97.0,14,2,88.0
2019-08-29,2019,US Open,Grand Slam,Outdoor,Hard,2nd Round,5,Rublev A.,Simon G.,43.0,40.0,1066.0,1240.0,6.0,2.0,,,,,,,,,1.0,0.0,Retired,154,1.0,147,13,92.0,15,1,94.0
2019-08-30,2019,US Open,Grand Slam,Outdoor,Hard,2nd Round,5,Nadal R.,Kokkinakis T.,2.0,203.0,7945.0,239.0,,,,,,,,,,,,,Walkover,207,0.0,206,4,98.0,19,2,90.0
2019-08-30,2019,US Open,Grand Slam,Outdoor,Hard,3rd Round,5,Federer R.,Evans D.,3.0,58.0,6950.0,955.0,6.0,2.0,6.0,2.0,6.0,1.0,,,,,3.0,0.0,Completed,163,3.0,163,13,93.0,20,0,100.0
2019-08-31,2019,US Open,Grand Slam,Outdoor,Hard,3rd Round,5,Berrettini M.,Popyrin A.,25.0,105.0,1535.0,521.0,6.0,4.0,6.0,4.0,6.0,7.0,7.0,6.0,,,3.0,1.0,Completed,107,4.0,104,10,91.0,19,2,90.0
2019-08-31,2019,US Open,Grand Slam,Outdoor,Hard,3rd Round,5,Nadal R.,Chung H.,2.0,170.0,7945.0,313.0,6.0,3.0,6.0,4.0,6.0,2.0,,,,,3.0,0.0,Completed,207,3.0,206,7,97.0,19,0,100.0
2019-08-31,2019,US Open,Grand Slam,Outdoor,Hard,3rd Round,5,Medvedev D.,Lopez F.,5.0,61.0,4125.0,923.0,7.0,6.0,4.0,6.0,7.0,6.0,6.0,4.0,,,3.0,1.0,Completed,195,4.0,195,7,97.0,14,1,93.0
2019-08-31,2019,US Open,Grand Slam,Outdoor,Hard,3rd Round,5,Zverev A.,Bedene A.,6.0,80.0,4005.0,685.0,6.0,7.0,7.0,6.0,6.0,3.0,7.0,6.0,,,3.0,1.0,Completed,226,4.0,226,16,93.0,24,2,92.0
2019-08-31,2019,US Open,Grand Slam,Outdoor,Hard,3rd Round,5,Djokovic N.,Kudla D.,1.0,111.0,11685.0,491.0,6.0,3.0,6.0,4.0,6.0,2.0,,,,,3.0,0.0,Completed,216,3.0,216,9,96.0,33,1,97.0
2019-09-01,2019,US Open,Grand Slam,Outdoor,Hard,4th Round,5,Medvedev D.,Koepfer D.,5.0,118.0,4125.0,474.0,3.0,6.0,6.0,3.0,6.0,2.0,7.0,6.0,,,3.0,1.0,Completed,195,4.0,195,9,96.0,14,2,88.0
2019-09-01,2019,US Open,Grand Slam,Outdoor,Hard,4th Round,5,Federer R.,Goffin D.,3.0,15.0,6950.0,2055.0,6.0,2.0,6.0,2.0,6.0,0.0,,,,,3.0,0.0,Completed,163,3.0,163,19,90.0,20,2,91.0
2019-09-01,2019,US Open,Grand Slam,Outdoor,Hard,3rd Round,5,Rublev A.,Kyrgios N.,43.0,30.0,1066.0,1430.0,7.0,6.0,7.0,6.0,6.0,3.0,,,,,3.0,0.0,Completed,154,3.0,147,13,92.0,15,3,83.0
2019-09-02,2019,US Open,Grand Slam,Outdoor,Hard,4th Round,5,Berrettini M.,Rublev A.,25.0,43.0,1535.0,1066.0,6.0,1.0,6.0,4.0,7.0,6.0,,,,,3.0,0.0,Completed,107,3.0,104,20,84.0,19,0,100.0
2019-09-03,2019,US Open,Grand Slam,Outdoor,Hard,4th Round,5,Nadal R.,Cilic M.,2.0,23.0,7945.0,1590.0,6.0,3.0,3.0,6.0,6.0,1.0,6.0,2.0,,,3.0,1.0,Completed,207,4.0,206,27,88.0,19,5,79.0
2019-09-03,2019,US Open,Grand Slam,Outdoor,Hard,Quarterfinals,5,Medvedev D.,Wawrinka S.,5.0,24.0,4125.0,1535.0,7.0,6.0,6.0,3.0,3.0,6.0,6.0,1.0,,,3.0,1.0,Completed,195,4.0,195,15,93.0,14,5,74.0
2019-09-04,2019,US Open,Grand Slam,Outdoor,Hard,Quarterfinals,5,Berrettini M.,Monfils G.,25.0,13.0,1535.0,2140.0,3.0,6.0,6.0,3.0,6.0,2.0,3.0,6.0,7.0,6.0,3.0,2.0,Completed,107,5.0,104,16,87.0,19,3,86.0
2019-09-05,2019,US Open,Grand Slam,Outdoor,Hard,Quarterfinals,5,Nadal R.,Schwartzman D.,2.0,21.0,7945.0,1725.0,6.0,4.0,7.0,5.0,6.0,2.0,,,,,3.0,0.0,Completed,207,3.0,206,29,88.0,19,5,79.0
2019-09-06,2019,US Open,Grand Slam,Outdoor,Hard,Semifinals,5,Medvedev D.,Dimitrov G.,5.0,78.0,4125.0,722.0,7.0,6.0,6.0,4.0,6.0,3.0,,,,,3.0,0.0,Completed,195,3.0,195,23,89.0,14,1,93.0
2019-09-07,2019,US Open,Grand Slam,Outdoor,Hard,Semifinals,5,Nadal R.,Berrettini M.,2.0,25.0,7945.0,1535.0,7.0,6.0,6.0,4.0,6.0,1.0,,,,,3.0,0.0,Completed,207,3.0,206,16,93.0,19,6,76.0
2019-09-08,2019,US Open,Grand Slam,Outdoor,Hard,The Final,5,Nadal R.,Medvedev D.,2.0,5.0,7945.0,4125.0,7.0,5.0,6.0,3.0,5.0,7.0,4.0,6.0,6.0,4.0,3.0,2.0,Sched,207,5.0,206,18,92.0,19,2,90.0
2020-01-20,2020,Australian Open,Grand Slam,Outdoor,Hard,1st Round,5,Berrettini M.,Harris A.,8.0,162.0,2870.0,316.0,6.0,3.0,6.0,1.0,6.0,3.0,,,,,3.0,0.0,Completed,107,3.0,104,1,99.0,19,0,100.0
2020-01-20,2020,Australian Open,Grand Slam,Outdoor,Hard,1st Round,5,Federer R.,Johnson S.,3.0,75.0,6590.0,720.0,6.0,3.0,6.0,2.0,6.0,2.0,,,,,3.0,0.0,Completed,163,3.0,163,10,94.0,20,1,95.0
2020-01-20,2020,Australian Open,Grand Slam,Outdoor,Hard,1st Round,5,Tsitsipas S.,Caruso S.,6.0,95.0,5375.0,586.0,6.0,0.0,6.0,2.0,6.0,3.0,,,,,3.0,0.0,Completed,170,3.0,166,6,97.0,17,0,100.0
2020-01-20,2020,Australian Open,Grand Slam,Outdoor,Hard,1st Round,5,Djokovic N.,Struff J.L.,2.0,37.0,9720.0,1270.0,7.0,6.0,6.0,2.0,2.0,6.0,6.0,1.0,,,3.0,1.0,Completed,216,4.0,216,23,90.0,33,3,92.0
2020-01-21,2020,Australian Open,Grand Slam,Outdoor,Hard,1st Round,5,Nadal R.,Dellien H.,1.0,73.0,10235.0,743.0,6.0,2.0,6.0,3.0,6.0,0.0,,,,,3.0,0.0,Completed,207,3.0,206,6,97.0,19,2,90.0
2020-01-21,2020,Australian Open,Grand Slam,Outdoor,Hard,1st Round,5,Thiem D.,Mannarino A.,5.0,44.0,5890.0,1111.0,6.0,3.0,7.0,5.0,6.0,2.0,,,,,3.0,0.0,Completed,173,3.0,173,21,89.0,24,3,89.0
2020-01-21,2020,Australian Open,Grand Slam,Outdoor,Hard,1st Round,5,Medvedev D.,Tiafoe F.,4.0,50.0,5960.0,1050.0,6.0,3.0,4.0,6.0,6.0,4.0,6.0,2.0,,,3.0,1.0,Completed,195,4.0,195,16,92.0,14,4,78.0
2020-01-21,2020,Australian Open,Grand Slam,Outdoor,Hard,1st Round,5,Rublev A.,O'Connell C.,16.0,115.0,2004.0,481.0,6.0,3.0,0.0,6.0,6.0,4.0,7.0,6.0,,,3.0,1.0,Completed,154,4.0,147,1,99.0,15,1,94.0
2020-01-21,2020,Australian Open,Grand Slam,Outdoor,Hard,1st Round,5,Zverev A.,Cecchinato M.,7.0,77.0,3345.0,710.0,6.0,4.0,7.0,6.0,6.0,3.0,,,,,3.0,0.0,Completed,226,3.0,226,5,98.0,24,0,100.0
2020-01-22,2020,Australian Open,Grand Slam,Outdoor,Hard,2nd Round,5,Djokovic N.,Ito T.,2.0,146.0,9720.0,362.0,6.0,1.0,6.0,4.0,6.0,2.0,,,,,3.0,0.0,Completed,216,3.0,216,1,100.0,33,0,100.0
2020-01-22,2020,Australian Open,Grand Slam,Outdoor,Hard,2nd Round,5,Federer R.,Krajinovic F.,3.0,41.0,6590.0,1158.0,6.0,1.0,6.0,4.0,6.0,1.0,,,,,3.0,0.0,Completed,163,3.0,163,16,91.0,20,2,91.0
2020-01-22,2020,Australian Open,Grand Slam,Outdoor,Hard,2nd Round,5,Tsitsipas S.,Kohlschreiber P.,6.0,79.0,5375.0,700.0,,,,,,,,,,,,,Walkover,170,0.0,166,15,92.0,17,0,100.0
2020-01-23,2020,Australian Open,Grand Slam,Outdoor,Hard,2nd Round,5,Rublev A.,Sugita Y.,16.0,91.0,2004.0,608.0,6.0,2.0,6.0,3.0,7.0,6.0,,,,,3.0,0.0,Completed,154,3.0,147,6,96.0,15,0,100.0
2020-01-23,2020,Australian Open,Grand Slam,Outdoor,Hard,2nd Round,5,Medvedev D.,Martinez P.,4.0,168.0,5960.0,300.0,7.0,5.0,6.0,1.0,6.0,3.0,,,,,3.0,0.0,Completed,195,3.0,195,5,98.0,14,1,93.0
2020-01-23,2020,Australian Open,Grand Slam,Outdoor,Hard,2nd Round,5,Thiem D.,Bolt A.,5.0,140.0,5890.0,377.0,6.0,2.0,5.0,7.0,6.0,7.0,6.0,1.0,6.0,2.0,3.0,2.0,Completed,173,5.0,173,2,99.0,24,1,96.0
2020-01-23,2020,Australian Open,Grand Slam,Outdoor,Hard,2nd Round,5,Zverev A.,Gerasimov E.,7.0,98.0,3345.0,575.0,7.0,6.0,6.0,4.0,7.0,5.0,,,,,3.0,0.0,Completed,226,3.0,226,7,97.0,24,0,100.0
2020-01-23,2020,Australian Open,Grand Slam,Outdoor,Hard,2nd Round,5,Nadal R.,Delbonis F.,1.0,76.0,10235.0,711.0,6.0,3.0,7.0,6.0,6.0,1.0,,,,,3.0,0.0,Completed,207,3.0,206,11,95.0,19,1,95.0
2020-01-24,2020,Australian Open,Grand Slam,Outdoor,Hard,3rd Round,5,Djokovic N.,Nishioka Y.,2.0,71.0,9720.0,797.0,6.0,3.0,6.0,2.0,6.0,2.0,,,,,3.0,0.0,Completed,216,3.0,216,5,98.0,33,0,100.0
2020-01-24,2020,Australian Open,Grand Slam,Outdoor,Hard,3rd Round,5,Federer R.,Millman J.,3.0,47.0,6590.0,1096.0,4.0,6.0,7.0,6.0,6.0,4.0,4.0,6.0,7.0,6.0,3.0,2.0,Completed,163,5.0,163,14,92.0,20,2,91.0
2020-01-25,2020,Australian Open,Grand Slam,Outdoor,Hard,3rd Round,5,Nadal R.,Carreno Busta P.,1.0,30.0,10235.0,1422.0,6.0,1.0,6.0,2.0,6.0,4.0,,,,,3.0,0.0,Completed,207,3.0,206,24,90.0,19,2,90.0
2020-01-25,2020,Australian Open,Grand Slam,Outdoor,Hard,3rd Round,5,Rublev A.,Goffin D.,16.0,11.0,2004.0,2555.0,2.0,6.0,7.0,6.0,6.0,4.0,7.0,6.0,,,3.0,1.0,Completed,154,4.0,147,19,89.0,15,2,88.0
2020-01-25,2020,Australian Open,Grand Slam,Outdoor,Hard,3rd Round,5,Thiem D.,Fritz T.,5.0,34.0,5890.0,1335.0,6.0,2.0,6.0,4.0,6.0,7.0,6.0,4.0,,,3.0,1.0,Completed,173,4.0,173,14,93.0,24,6,80.0
2020-01-25,2020,Australian Open,Grand Slam,Outdoor,Hard,3rd Round,5,Zverev A.,Verdasco F.,7.0,51.0,3345.0,1050.0,6.0,2.0,6.0,2.0,6.0,4.0,,,,,3.0,0.0,Completed,226,3.0,226,17,93.0,24,0,100.0
2020-01-25,2020,Australian Open,Grand Slam,Outdoor,Hard,3rd Round,5,Medvedev D.,Popyrin A.,4.0,96.0,5960.0,585.0,6.0,4.0,6.0,3.0,6.0,2.0,,,,,3.0,0.0,Completed,195,3.0,195,10,95.0,14,2,88.0
2020-01-26,2020,Australian Open,Grand Slam,Outdoor,Hard,4th Round,5,Djokovic N.,Schwartzman D.,2.0,14.0,9720.0,2130.0,6.0,3.0,6.0,4.0,6.0,4.0,,,,,3.0,0.0,Completed,216,3.0,216,29,88.0,33,5,87.0
2020-01-26,2020,Australian Open,Grand Slam,Outdoor,Hard,4th Round,5,Federer R.,Fucsovics M.,3.0,67.0,6590.0,827.0,4.0,6.0,6.0,1.0,6.0,2.0,6.0,2.0,,,3.0,1.0,Completed,163,4.0,163,16,91.0,20,3,87.0
2020-01-27,2020,Australian Open,Grand Slam,Outdoor,Hard,4th Round,5,Nadal R.,Kyrgios N.,1.0,26.0,10235.0,1520.0,6.0,3.0,3.0,6.0,7.0,6.0,7.0,6.0,,,3.0,1.0,Completed,207,4.0,206,13,94.0,19,3,86.0
2020-01-27,2020,Australian Open,Grand Slam,Outdoor,Hard,4th Round,5,Zverev A.,Rublev A.,7.0,16.0,3345.0,2004.0,6.0,4.0,6.0,4.0,6.0,4.0,,,,,3.0,0.0,Completed,226,3.0,226,20,92.0,24,0,100.0
2020-01-27,2020,Australian Open,Grand Slam,Outdoor,Hard,4th Round,5,Thiem D.,Monfils G.,5.0,10.0,5890.0,2565.0,6.0,2.0,6.0,4.0,6.0,4.0,,,,,3.0,0.0,Completed,173,3.0,173,16,92.0,24,3,89.0
2020-01-28,2020,Australian Open,Grand Slam,Outdoor,Hard,Quarterfinals,5,Djokovic N.,Raonic M.,2.0,35.0,9720.0,1305.0,6.0,4.0,6.0,3.0,7.0,6.0,,,,,3.0,0.0,Completed,216,3.0,216,13,94.0,33,1,97.0
2020-01-28,2020,Australian Open,Grand Slam,Outdoor,Hard,Quarterfinals,5,Federer R.,Sandgren T.,3.0,100.0,6590.0,573.0,6.0,3.0,2.0,6.0,2.0,6.0,7.0,6.0,6.0,3.0,3.0,2.0,Completed,163,5.0,163,11,94.0,20,2,91.0
2020-01-29,2020,Australian Open,Grand Slam,Outdoor,Hard,Quarterfinals,5,Thiem D.,Nadal R.,5.0,1.0,5890.0,10235.0,7.0,6.0,7.0,6.0,4.0,6.0,7.0,6.0,,,3.0,1.0,Completed,173,4.0,173,19,90.0,24,6,80.0
2020-01-29,2020,Australian Open,Grand Slam,Outdoor,Hard,Quarterfinals,5,Zverev A.,Wawrinka S.,7.0,15.0,3345.0,2045.0,1.0,6.0,6.0,3.0,6.0,4.0,6.0,2.0,,,3.0,1.0,Completed,226,4.0,226,15,94.0,24,5,83.0
2020-01-30,2020,Australian Open,Grand Slam,Outdoor,Hard,Semifinals,5,Djokovic N.,Federer R.,2.0,3.0,9720.0,6590.0,7.0,6.0,6.0,4.0,6.0,3.0,,,,,3.0,0.0,Completed,216,3.0,216,12,95.0,33,2,94.0
2020-01-31,2020,Australian Open,Grand Slam,Outdoor,Hard,Semifinals,5,Thiem D.,Zverev A.,5.0,7.0,5890.0,3345.0,3.0,6.0,6.0,4.0,7.0,6.0,7.0,6.0,,,3.0,1.0,Completed,173,4.0,173,27,86.0,24,6,80.0
2020-02-02,2020,Australian Open,Grand Slam,Outdoor,Hard,The Final,5,Djokovic N.,Thiem D.,2.0,5.0,9720.0,5890.0,6.0,4.0,4.0,6.0,2.0,6.0,6.0,3.0,6.0,4.0,2.0,1.0,Completed,216,3.0,216,21,91.0,33,3,92.0
2020-08-31,2020,US Open,Grand Slam,Outdoor,Hard,1st Round,5,Tsitsipas S.,Ramos-Vinolas A.,6.0,41.0,5095.0,1130.0,6.0,2.0,6.0,1.0,6.0,1.0,,,,,3.0,0.0,Completed,170,3.0,166,17,91.0,17,0,100.0
2020-08-31,2020,US Open,Grand Slam,Outdoor,Hard,1st Round,5,Zverev A.,Anderson K.,7.0,117.0,3630.0,490.0,7.0,6.0,5.0,7.0,6.0,3.0,7.0,5.0,,,3.0,1.0,Completed,226,4.0,226,21,91.0,24,1,96.0
2020-09-01,2020,US Open,Grand Slam,Outdoor,Hard,1st Round,5,Thiem D.,Munar J.,3.0,105.0,7135.0,548.0,7.0,6.0,6.0,3.0,,,,,,,2.0,0.0,Retired,173,2.0,173,7,96.0,24,1,96.0
2020-09-01,2020,US Open,Grand Slam,Outdoor,Hard,1st Round,5,Djokovic N.,Dzumhur D.,1.0,109.0,10860.0,524.0,6.0,1.0,6.0,4.0,6.0,1.0,,,,,3.0,0.0,Completed,216,3.0,216,12,95.0,33,3,92.0
2020-09-01,2020,US Open,Grand Slam,Outdoor,Hard,1st Round,5,Ruud C.,Mcdonald M.,37.0,243.0,1279.0,207.0,4.0,6.0,4.0,6.0,6.0,4.0,6.0,3.0,6.0,2.0,3.0,2.0,Completed,102,5.0,86,10,90.0,5,1,83.0
2020-09-01,2020,US Open,Grand Slam,Outdoor,Hard,1st Round,5,Rublev A.,Chardy J.,14.0,60.0,2234.0,860.0,6.0,4.0,6.0,4.0,6.0,3.0,,,,,3.0,0.0,Completed,154,3.0,147,20,88.0,15,1,94.0
2020-09-02,2020,US Open,Grand Slam,Outdoor,Hard,2nd Round,5,Zverev A.,Nakashima B.,7.0,223.0,3630.0,229.0,7.0,5.0,6.0,7.0,6.0,3.0,6.0,1.0,,,3.0,1.0,Completed,226,4.0,226,2,99.0,24,1,96.0
2020-09-02,2020,US Open,Grand Slam,Outdoor,Hard,2nd Round,5,Djokovic N.,Edmund K.,1.0,44.0,10860.0,1050.0,6.0,7.0,6.0,3.0,6.0,4.0,6.0,2.0,,,3.0,1.0,Completed,216,4.0,216,14,94.0,33,2,94.0
2020-09-02,2020,US Open,Grand Slam,Outdoor,Hard,1st Round,5,Berrettini M.,Soeda G.,8.0,119.0,2940.0,480.0,7.0,6.0,6.0,1.0,6.0,4.0,,,,,3.0,0.0,Completed,107,3.0,104,2,98.0,19,0,100.0
2020-09-02,2020,US Open,Grand Slam,Outdoor,Hard,1st Round,5,Medvedev D.,Delbonis F.,5.0,79.0,5890.0,711.0,6.0,1.0,6.0,2.0,6.0,4.0,,,,,3.0,0.0,Completed,195,3.0,195,11,95.0,14,1,93.0
2020-09-03,2020,US Open,Grand Slam,Outdoor,Hard,2nd Round,5,Ruud C.,Ruusuvuori E.,37.0,92.0,1279.0,648.0,6.0,4.0,6.0,3.0,3.0,2.0,,,,,2.0,0.0,Retired,102,2.0,86,3,97.0,5,0,100.0
2020-09-03,2020,US Open,Grand Slam,Outdoor,Hard,2nd Round,5,Berrettini M.,Humbert U.,8.0,42.0,2940.0,1111.0,6.0,4.0,6.0,4.0,7.0,6.0,,,,,3.0,0.0,Completed,107,3.0,104,5,95.0,19,0,100.0
2020-09-03,2020,US Open,Grand Slam,Outdoor,Hard,2nd Round,5,Thiem D.,Nagal S.,3.0,124.0,7135.0,448.0,6.0,3.0,6.0,3.0,6.0,2.0,,,,,3.0,0.0,Completed,173,3.0,173,2,99.0,24,1,96.0
2020-09-03,2020,US Open,Grand Slam,Outdoor,Hard,2nd Round,5,Rublev A.,Barrere G.,14.0,93.0,2234.0,647.0,6.0,2.0,6.0,4.0,7.0,6.0,,,,,3.0,0.0,Completed,154,3.0,147,2,99.0,15,1,94.0
2020-09-03,2020,US Open,Grand Slam,Outdoor,Hard,2nd Round,5,Tsitsipas S.,Cressy M.,6.0,168.0,5095.0,320.0,7.0,6.0,6.0,3.0,6.0,4.0,,,,,3.0,0.0,Completed,170,3.0,166,2,99.0,17,0,100.0
2020-09-04,2020,US Open,Grand Slam,Outdoor,Hard,2nd Round,5,Medvedev D.,O Connell C.,5.0,116.0,5890.0,498.0,6.0,3.0,6.0,2.0,6.0,4.0,,,,,3.0,0.0,Completed,195,3.0,195,1,99.0,14,0,100.0
2020-09-05,2020,US Open,Grand Slam,Outdoor,Hard,3rd Round,5,Berrettini M.,Ruud C.,8.0,37.0,2940.0,1279.0,6.0,4.0,6.0,4.0,6.0,2.0,,,,,3.0,0.0,Completed,107,3.0,104,15,87.0,19,0,100.0
2020-09-05,2020,US Open,Grand Slam,Outdoor,Hard,3rd Round,5,Rublev A.,Caruso S.,14.0,100.0,2234.0,623.0,6.0,0.0,6.0,4.0,6.0,0.0,,,,,3.0,0.0,Completed,154,3.0,147,6,96.0,15,0,100.0
2020-09-05,2020,US Open,Grand Slam,Outdoor,Hard,3rd Round,5,Medvedev D.,Wolf J.J.,5.0,138.0,5890.0,402.0,6.0,3.0,6.0,3.0,6.0,2.0,,,,,3.0,0.0,Completed,195,3.0,195,1,99.0,14,0,100.0
2020-09-05,2020,US Open,Grand Slam,Outdoor,Hard,3rd Round,5,Djokovic N.,Struff J.L.,1.0,29.0,10860.0,1405.0,6.0,3.0,6.0,3.0,6.0,1.0,,,,,3.0,0.0,Completed,216,3.0,216,23,90.0,33,3,92.0
2020-09-05,2020,US Open,Grand Slam,Outdoor,Hard,3rd Round,5,Zverev A.,Mannarino A.,7.0,39.0,3630.0,1191.0,6.0,7.0,6.0,4.0,6.0,2.0,6.0,2.0,,,3.0,1.0,Completed,226,4.0,226,21,91.0,24,3,89.0
2020-09-06,2020,US Open,Grand Slam,Outdoor,Hard,3rd Round,5,Thiem D.,Cilic M.,3.0,38.0,7135.0,1225.0,6.0,2.0,6.0,2.0,3.0,6.0,6.0,3.0,,,3.0,1.0,Completed,173,4.0,173,27,86.0,24,5,83.0
2020-09-06,2020,US Open,Grand Slam,Outdoor,Hard,4th Round,5,Zverev A.,Davidovich Fokina A.,7.0,99.0,3630.0,627.0,6.0,2.0,6.0,2.0,6.0,1.0,,,,,3.0,0.0,Completed,226,3.0,226,7,97.0,24,1,96.0
2020-09-07,2020,US Open,Grand Slam,Outdoor,Hard,4th Round,5,Thiem D.,Auger-Aliassime F.,3.0,21.0,7135.0,1806.0,7.0,6.0,6.0,1.0,6.0,1.0,,,,,3.0,0.0,Completed,173,3.0,173,18,91.0,24,1,96.0
2020-09-08,2020,US Open,Grand Slam,Outdoor,Hard,4th Round,5,Rublev A.,Berrettini M.,14.0,8.0,2234.0,2940.0,4.0,6.0,6.0,3.0,6.0,3.0,6.0,3.0,,,3.0,1.0,Completed,154,4.0,147,16,90.0,15,6,71.0
2020-09-08,2020,US Open,Grand Slam,Outdoor,Hard,Quarterfinals,5,Zverev A.,Coric B.,7.0,32.0,3630.0,1355.0,1.0,6.0,7.0,6.0,7.0,6.0,6.0,3.0,,,3.0,1.0,Completed,226,4.0,226,18,93.0,24,1,96.0
2020-09-08,2020,US Open,Grand Slam,Outdoor,Hard,4th Round,5,Medvedev D.,Tiafoe F.,5.0,82.0,5890.0,700.0,6.0,4.0,6.0,1.0,6.0,0.0,,,,,3.0,0.0,Completed,195,3.0,195,16,92.0,14,4,78.0
2020-09-09,2020,US Open,Grand Slam,Outdoor,Hard,Quarterfinals,5,Medvedev D.,Rublev A.,5.0,14.0,5890.0,2234.0,7.0,6.0,6.0,3.0,7.0,6.0,,,,,3.0,0.0,Completed,195,3.0,195,20,91.0,14,0,100.0
2020-09-10,2020,US Open,Grand Slam,Outdoor,Hard,Quarterfinals,5,Thiem D.,De Minaur A.,3.0,28.0,7135.0,1485.0,6.0,1.0,6.0,2.0,6.0,4.0,,,,,3.0,0.0,Completed,173,3.0,173,18,91.0,24,0,100.0
2020-09-11,2020,US Open,Grand Slam,Outdoor,Hard,Semifinals,5,Zverev A.,Carreno Busta P.,7.0,27.0,3630.0,1500.0,3.0,6.0,2.0,6.0,6.0,3.0,6.0,4.0,6.0,3.0,3.0,2.0,Completed,226,5.0,226,24,90.0,24,2,92.0
2020-09-12,2020,US Open,Grand Slam,Outdoor,Hard,Semifinals,5,Thiem D.,Medvedev D.,3.0,5.0,7135.0,5890.0,6.0,2.0,7.0,6.0,7.0,6.0,,,,,3.0,0.0,Completed,173,3.0,173,18,91.0,24,2,92.0
2020-09-13,2020,US Open,Grand Slam,Outdoor,Hard,The Final,5,Thiem D.,Zverev A.,3.0,7.0,7135.0,3630.0,2.0,6.0,4.0,6.0,6.0,4.0,6.0,3.0,7.0,6.0,3.0,2.0,Completed,173,5.0,173,27,86.0,24,6,80.0
2020-09-27,2020,French Open,Grand Slam,Outdoor,Clay,1st Round,5,Zverev A.,Novak D.,7.0,92.0,4650.0,698.0,7.0,5.0,6.0,2.0,6.0,4.0,,,,,3.0,0.0,Completed,226,3.0,226,2,99.0,24,0,100.0
2020-09-28,2020,French Open,Grand Slam,Outdoor,Clay,1st Round,5,Thiem D.,Cilic M.,3.0,40.0,9125.0,1270.0,6.0,4.0,6.0,3.0,6.0,3.0,,,,,3.0,0.0,Completed,173,3.0,173,27,86.0,24,5,83.0
2020-09-28,2020,French Open,Grand Slam,Outdoor,Clay,1st Round,5,Nadal R.,Gerasimov E.,2.0,83.0,9850.0,750.0,6.0,4.0,6.0,4.0,6.0,2.0,,,,,3.0,0.0,Completed,207,3.0,206,7,97.0,19,0,100.0
2020-09-28,2020,French Open,Grand Slam,Outdoor,Clay,1st Round,5,Ruud C.,Sugita Y.,25.0,94.0,1739.0,686.0,6.0,1.0,6.0,3.0,6.0,1.0,,,,,3.0,0.0,Completed,102,3.0,86,6,93.0,5,0,100.0
2020-09-29,2020,French Open,Grand Slam,Outdoor,Clay,1st Round,5,Rublev A.,Querrey S.,12.0,48.0,2614.0,1055.0,6.0,7.0,6.0,7.0,7.0,5.0,6.0,4.0,6.0,3.0,3.0,2.0,Completed,154,5.0,147,11,93.0,15,1,94.0
2020-09-29,2020,French Open,Grand Slam,Outdoor,Clay,1st Round,5,Berrettini M.,Pospisil V.,8.0,76.0,3030.0,777.0,6.0,3.0,6.0,1.0,6.0,3.0,,,,,3.0,0.0,Completed,107,3.0,104,9,92.0,19,0,100.0
2020-09-29,2020,French Open,Grand Slam,Outdoor,Clay,1st Round,5,Djokovic N.,Ymer M.,1.0,80.0,11260.0,763.0,6.0,0.0,6.0,2.0,6.0,3.0,,,,,3.0,0.0,Completed,216,3.0,216,5,98.0,33,0,100.0
2020-09-29,2020,French Open,Grand Slam,Outdoor,Clay,1st Round,5,Tsitsipas S.,Munar J.,6.0,109.0,5385.0,563.0,4.0,6.0,2.0,6.0,6.0,1.0,6.0,4.0,6.0,4.0,3.0,2.0,Completed,170,5.0,166,7,96.0,17,1,94.0
2020-09-30,2020,French Open,Grand Slam,Outdoor,Clay,2nd Round,5,Nadal R.,Mcdonald M.,2.0,236.0,9850.0,217.0,6.0,1.0,6.0,0.0,6.0,3.0,,,,,3.0,0.0,Completed,207,3.0,206,10,95.0,19,1,95.0
2020-09-30,2020,French Open,Grand Slam,Outdoor,Clay,2nd Round,5,Thiem D.,Sock J.,3.0,310.0,9125.0,140.0,6.0,1.0,6.0,3.0,7.0,6.0,,,,,3.0,0.0,Completed,173,3.0,173,12,94.0,24,2,92.0
2020-09-30,2020,French Open,Grand Slam,Outdoor,Clay,2nd Round,5,Ruud C.,Paul T.,25.0,58.0,1739.0,949.0,6.0,1.0,1.0,6.0,6.0,3.0,1.0,6.0,6.0,3.0,3.0,2.0,Completed,102,5.0,86,9,91.0,5,4,56.0
2020-09-30,2020,French Open,Grand Slam,Outdoor,Clay,2nd Round,5,Zverev A.,Herbert P.H.,7.0,78.0,4650.0,775.0,2.0,6.0,6.0,4.0,7.0,6.0,4.0,6.0,6.0,4.0,3.0,2.0,Completed,226,5.0,226,5,98.0,24,1,96.0
2020-10-01,2020,French Open,Grand Slam,Outdoor,Clay,2nd Round,5,Djokovic N.,Berankis R.,1.0,66.0,11260.0,854.0,6.0,1.0,6.0,2.0,6.0,2.0,,,,,3.0,0.0,Completed,216,3.0,216,8,96.0,33,0,100.0
2020-10-01,2020,French Open,Grand Slam,Outdoor,Clay,2nd Round,5,Tsitsipas S.,Cuevas P.,6.0,60.0,5385.0,907.0,6.0,1.0,6.0,4.0,6.0,2.0,,,,,3.0,0.0,Completed,170,3.0,166,13,93.0,17,1,94.0
2020-10-01,2020,French Open,Grand Slam,Outdoor,Clay,2nd Round,5,Rublev A.,Davidovich Fokina A.,12.0,70.0,2614.0,829.0,7.0,5.0,6.0,1.0,3.0,6.0,6.0,1.0,,,3.0,1.0,Completed,154,4.0,147,7,95.0,15,1,94.0
2020-10-01,2020,French Open,Grand Slam,Outdoor,Clay,2nd Round,5,Berrettini M.,Harris L.,8.0,90.0,3030.0,701.0,6.0,4.0,4.0,6.0,6.0,2.0,6.0,3.0,,,3.0,1.0,Completed,107,4.0,104,11,90.0,19,2,90.0
2020-10-02,2020,French Open,Grand Slam,Outdoor,Clay,3rd Round,5,Thiem D.,Ruud C.,3.0,25.0,9125.0,1739.0,6.0,4.0,6.0,3.0,6.0,1.0,,,,,3.0,0.0,Completed,173,3.0,173,15,92.0,24,0,100.0
2020-10-02,2020,French Open,Grand Slam,Outdoor,Clay,3rd Round,5,Nadal R.,Travaglia S.,2.0,74.0,9850.0,794.0,6.0,1.0,6.0,4.0,6.0,0.0,,,,,3.0,0.0,Completed,207,3.0,206,4,98.0,19,1,95.0
2020-10-02,2020,French Open,Grand Slam,Outdoor,Clay,3rd Round,5,Zverev A.,Cecchinato M.,7.0,110.0,4650.0,551.0,6.0,1.0,7.0,5.0,6.0,3.0,,,,,3.0,0.0,Completed,226,3.0,226,5,98.0,24,0,100.0
2020-10-03,2020,French Open,Grand Slam,Outdoor,Clay,3rd Round,5,Rublev A.,Anderson K.,12.0,118.0,2614.0,510.0,6.0,3.0,6.0,2.0,6.0,3.0,,,,,3.0,0.0,Completed,154,3.0,147,21,88.0,15,1,94.0
2020-10-03,2020,French Open,Grand Slam,Outdoor,Clay,3rd Round,5,Djokovic N.,Galan D.,1.0,153.0,11260.0,379.0,6.0,0.0,6.0,3.0,6.0,2.0,,,,,3.0,0.0,Completed,216,3.0,216,1,100.0,33,0,100.0
2020-10-03,2020,French Open,Grand Slam,Outdoor,Clay,3rd Round,5,Tsitsipas S.,Bedene A.,6.0,56.0,5385.0,965.0,6.0,1.0,6.0,2.0,3.0,1.0,,,,,2.0,0.0,Retired,170,2.0,166,16,91.0,17,2,89.0
2020-10-04,2020,French Open,Grand Slam,Outdoor,Clay,4th Round,5,Nadal R.,Korda S.,2.0,213.0,9850.0,252.0,6.0,1.0,6.0,1.0,6.0,2.0,,,,,3.0,0.0,Completed,207,3.0,206,4,98.0,19,0,100.0
2020-10-04,2020,French Open,Grand Slam,Outdoor,Clay,4th Round,5,Thiem D.,Gaston H.,3.0,239.0,9125.0,215.0,6.0,4.0,6.0,4.0,5.0,7.0,3.0,6.0,6.0,3.0,3.0,2.0,Completed,173,5.0,173,3,98.0,24,1,96.0
2020-10-05,2020,French Open,Grand Slam,Outdoor,Clay,4th Round,5,Rublev A.,Fucsovics M.,12.0,63.0,2614.0,877.0,6.0,7.0,7.0,5.0,6.0,4.0,7.0,6.0,,,3.0,1.0,Completed,154,4.0,147,16,90.0,15,3,83.0
2020-10-05,2020,French Open,Grand Slam,Outdoor,Clay,4th Round,5,Tsitsipas S.,Dimitrov G.,6.0,20.0,5385.0,2055.0,6.0,3.0,7.0,6.0,6.0,2.0,,,,,3.0,0.0,Completed,170,3.0,166,23,88.0,17,1,94.0
2020-10-05,2020,French Open,Grand Slam,Outdoor,Clay,4th Round,5,Djokovic N.,Khachanov K.,1.0,16.0,11260.0,2200.0,6.0,4.0,6.0,3.0,6.0,3.0,,,,,3.0,0.0,Completed,216,3.0,216,23,90.0,33,2,94.0
2020-10-06,2020,French Open,Grand Slam,Outdoor,Clay,Quarterfinals,5,Nadal R.,Sinner J.,2.0,75.0,9850.0,788.0,7.0,6.0,6.0,4.0,6.0,1.0,,,,,3.0,0.0,Completed,207,3.0,206,12,94.0,19,0,100.0
2020-10-07,2020,French Open,Grand Slam,Outdoor,Clay,Quarterfinals,5,Tsitsipas S.,Rublev A.,6.0,12.0,5385.0,2614.0,7.0,5.0,6.0,2.0,6.0,3.0,,,,,3.0,0.0,Completed,170,3.0,166,20,89.0,17,0,100.0
2020-10-07,2020,French Open,Grand Slam,Outdoor,Clay,Quarterfinals,5,Djokovic N.,Carreno Busta P.,1.0,18.0,11260.0,2130.0,4.0,6.0,6.0,2.0,6.0,3.0,6.0,4.0,,,3.0,1.0,Completed,216,4.0,216,24,90.0,33,2,94.0
2020-10-09,2020,French Open,Grand Slam,Outdoor,Clay,Semifinals,5,Nadal R.,Schwartzman D.,2.0,14.0,9850.0,2505.0,6.0,3.0,6.0,3.0,7.0,6.0,,,,,3.0,0.0,Completed,207,3.0,206,29,88.0,19,5,79.0
2020-10-09,2020,French Open,Grand Slam,Outdoor,Clay,Semifinals,5,Djokovic N.,Tsitsipas S.,1.0,6.0,11260.0,5385.0,6.0,3.0,6.0,2.0,5.0,7.0,4.0,6.0,6.0,1.0,3.0,2.0,Completed,216,5.0,216,33,87.0,33,5,87.0
2020-10-11,2020,French Open,Grand Slam,Outdoor,Clay,The Final,5,Nadal R.,Djokovic N.,2.0,1.0,9850.0,11260.0,6.0,0.0,6.0,2.0,7.0,5.0,,,,,3.0,0.0,Completed,207,3.0,206,18,92.0,19,1,95.0
2021-02-08,2021,Australian Open,Grand Slam,Outdoor,Hard,1st Round,5,Djokovic N.,Chardy J.,1.0,61.0,12030.0,1020.0,6.0,3.0,6.0,1.0,6.0,2.0,,,,,3.0,0.0,Completed,216,3.0,216,20,92.0,33,1,97.0
2021-02-08,2021,Australian Open,Grand Slam,Outdoor,Hard,1st Round,5,Zverev A.,Giron M.,7.0,75.0,5615.0,889.0,6.0,7.0,7.0,6.0,6.0,3.0,6.0,2.0,,,3.0,1.0,Completed,226,4.0,226,5,98.0,24,1,96.0
2021-02-08,2021,Australian Open,Grand Slam,Outdoor,Hard,1st Round,5,Thiem D.,Kukushkin M.,3.0,90.0,9125.0,796.0,7.0,6.0,6.0,2.0,6.0,3.0,,,,,3.0,0.0,Completed,173,3.0,173,8,96.0,24,0,100.0
2021-02-09,2021,Australian Open,Grand Slam,Outdoor,Hard,1st Round,5,Ruud C.,Thompson J.,28.0,49.0,1739.0,1113.0,6.0,3.0,6.0,3.0,2.0,1.0,,,,,2.0,0.0,Retired,102,2.0,86,8,91.0,5,2,71.0
2021-02-09,2021,Australian Open,Grand Slam,Outdoor,Hard,1st Round,5,Rublev A.,Hanfmann Y.,8.0,102.0,4429.0,736.0,6.0,3.0,6.0,3.0,6.0,4.0,,,,,3.0,0.0,Completed,154,3.0,147,3,98.0,15,0,100.0
2021-02-09,2021,Australian Open,Grand Slam,Outdoor,Hard,1st Round,5,Tsitsipas S.,Simon G.,6.0,66.0,5965.0,990.0,6.0,1.0,6.0,2.0,6.0,1.0,,,,,3.0,0.0,Completed,170,3.0,166,13,93.0,17,1,94.0
2021-02-09,2021,Australian Open,Grand Slam,Outdoor,Hard,1st Round,5,Nadal R.,Djere L.,2.0,56.0,9850.0,1068.0,6.0,3.0,6.0,4.0,6.0,1.0,,,,,3.0,0.0,Completed,207,3.0,206,4,98.0,19,0,100.0
2021-02-09,2021,Australian Open,Grand Slam,Outdoor,Hard,1st Round,5,Medvedev D.,Pospisil V.,4.0,63.0,8715.0,1013.0,6.0,2.0,6.0,2.0,6.0,4.0,,,,,3.0,0.0,Completed,195,3.0,195,9,96.0,14,0,100.0
2021-02-09,2021,Australian Open,Grand Slam,Outdoor,Hard,1st Round,5,Berrettini M.,Anderson K.,10.0,81.0,3345.0,845.0,7.0,6.0,7.0,5.0,6.0,3.0,,,,,3.0,0.0,Completed,107,3.0,104,21,83.0,19,1,95.0
2021-02-10,2021,Australian Open,Grand Slam,Outdoor,Hard,2nd Round,5,Zverev A.,Cressy M.,7.0,172.0,5615.0,389.0,7.0,5.0,6.0,4.0,6.0,3.0,,,,,3.0,0.0,Completed,226,3.0,226,2,99.0,24,0,100.0
2021-02-10,2021,Australian Open,Grand Slam,Outdoor,Hard,2nd Round,5,Thiem D.,Koepfer D.,3.0,70.0,9125.0,931.0,6.0,4.0,6.0,0.0,6.0,2.0,,,,,3.0,0.0,Completed,173,3.0,173,9,95.0,24,2,92.0
2021-02-10,2021,Australian Open,Grand Slam,Outdoor,Hard,2nd Round,5,Djokovic N.,Tiafoe F.,1.0,64.0,12030.0,1005.0,6.0,3.0,6.0,7.0,7.0,6.0,6.0,3.0,,,3.0,1.0,Completed,216,4.0,216,16,93.0,33,4,89.0
2021-02-11,2021,Australian Open,Grand Slam,Outdoor,Hard,2nd Round,5,Medvedev D.,Carballes Baena R.,4.0,99.0,8715.0,751.0,6.0,2.0,7.0,5.0,6.0,1.0,,,,,3.0,0.0,Completed,195,3.0,195,9,96.0,14,0,100.0
2021-02-11,2021,Australian Open,Grand Slam,Outdoor,Hard,2nd Round,5,Ruud C.,Paul T.,28.0,53.0,1739.0,1080.0,3.0,6.0,6.0,2.0,6.0,4.0,7.0,5.0,,,3.0,1.0,Completed,102,4.0,86,9,91.0,5,4,56.0
2021-02-11,2021,Australian Open,Grand Slam,Outdoor,Hard,2nd Round,5,Rublev A.,Monteiro T.,8.0,74.0,4429.0,894.0,6.0,4.0,6.0,4.0,7.0,6.0,,,,,3.0,0.0,Completed,154,3.0,147,2,99.0,15,0,100.0
2021-02-11,2021,Australian Open,Grand Slam,Outdoor,Hard,2nd Round,5,Tsitsipas S.,Kokkinakis T.,6.0,267.0,5965.0,209.0,6.0,7.0,6.0,4.0,6.0,1.0,6.0,7.0,6.0,4.0,3.0,2.0,Completed,170,5.0,166,4,98.0,17,2,89.0
2021-02-11,2021,Australian Open,Grand Slam,Outdoor,Hard,2nd Round,5,Nadal R.,Mmoh M.,2.0,177.0,9850.0,368.0,6.0,1.0,6.0,4.0,6.0,2.0,,,,,3.0,0.0,Completed,207,3.0,206,1,100.0,19,0,100.0
2021-02-11,2021,Australian Open,Grand Slam,Outdoor,Hard,2nd Round,5,Berrettini M.,Machac T.,10.0,199.0,3345.0,333.0,6.0,3.0,6.0,2.0,4.0,6.0,6.0,3.0,,,3.0,1.0,Completed,107,4.0,104,1,99.0,19,1,95.0
2021-02-12,2021,Australian Open,Grand Slam,Outdoor,Hard,3rd Round,5,Thiem D.,Kyrgios N.,3.0,47.0,9125.0,1190.0,4.0,6.0,4.0,6.0,6.0,3.0,6.0,4.0,6.0,4.0,3.0,2.0,Completed,173,5.0,173,13,93.0,24,3,89.0
2021-02-12,2021,Australian Open,Grand Slam,Outdoor,Hard,3rd Round,5,Djokovic N.,Fritz T.,1.0,31.0,12030.0,1695.0,7.0,6.0,6.0,4.0,3.0,6.0,4.0,6.0,6.0,2.0,3.0,2.0,Completed,216,5.0,216,14,94.0,33,6,85.0
2021-02-12,2021,Australian Open,Grand Slam,Outdoor,Hard,3rd Round,5,Zverev A.,Mannarino A.,7.0,36.0,5615.0,1561.0,6.0,3.0,6.0,3.0,6.0,1.0,,,,,3.0,0.0,Completed,226,3.0,226,21,91.0,24,3,89.0
2021-02-13,2021,Australian Open,Grand Slam,Outdoor,Hard,3rd Round,5,Tsitsipas S.,Ymer M.,6.0,95.0,5965.0,775.0,6.0,4.0,6.0,1.0,6.0,1.0,,,,,3.0,0.0,Completed,170,3.0,166,5,97.0,17,0,100.0
2021-02-13,2021,Australian Open,Grand Slam,Outdoor,Hard,3rd Round,5,Ruud C.,Albot R.,28.0,85.0,1739.0,817.0,6.0,1.0,5.0,7.0,6.0,4.0,6.0,4.0,,,3.0,1.0,Completed,102,4.0,86,9,91.0,5,2,71.0
2021-02-13,2021,Australian Open,Grand Slam,Outdoor,Hard,3rd Round,5,Medvedev D.,Krajinovic F.,4.0,33.0,8715.0,1673.0,6.0,3.0,6.0,3.0,4.0,6.0,3.0,6.0,6.0,0.0,3.0,2.0,Completed,195,5.0,195,16,92.0,14,2,88.0
2021-02-13,2021,Australian Open,Grand Slam,Outdoor,Hard,3rd Round,5,Nadal R.,Norrie C.,2.0,69.0,9850.0,935.0,7.0,5.0,6.0,2.0,7.0,5.0,,,,,3.0,0.0,Completed,207,3.0,206,14,94.0,19,1,95.0
2021-02-13,2021,Australian Open,Grand Slam,Outdoor,Hard,3rd Round,5,Rublev A.,Lopez F.,8.0,65.0,4429.0,998.0,7.0,5.0,6.0,2.0,6.0,3.0,,,,,3.0,0.0,Completed,154,3.0,147,7,95.0,15,1,94.0
2021-02-13,2021,Australian Open,Grand Slam,Outdoor,Hard,3rd Round,5,Berrettini M.,Khachanov K.,10.0,20.0,3345.0,2290.0,7.0,6.0,7.0,6.0,7.0,6.0,,,,,3.0,0.0,Completed,107,3.0,104,23,82.0,19,2,90.0
2021-02-14,2021,Australian Open,Grand Slam,Outdoor,Hard,4th Round,5,Zverev A.,Lajovic D.,7.0,27.0,5615.0,1785.0,6.0,4.0,7.0,6.0,6.0,3.0,,,,,3.0,0.0,Completed,226,3.0,226,17,93.0,24,2,92.0
2021-02-14,2021,Australian Open,Grand Slam,Outdoor,Hard,4th Round,5,Djokovic N.,Raonic M.,1.0,14.0,12030.0,2630.0,7.0,6.0,4.0,6.0,6.0,1.0,6.0,4.0,,,3.0,1.0,Completed,216,4.0,216,13,94.0,33,1,97.0
2021-02-15,2021,Australian Open,Grand Slam,Outdoor,Hard,4th Round,5,Tsitsipas S.,Berrettini M.,6.0,10.0,5965.0,3345.0,,,,,,,,,,,,,Walkover,170,0.0,166,16,91.0,17,6,74.0
2021-02-15,2021,Australian Open,Grand Slam,Outdoor,Hard,4th Round,5,Rublev A.,Ruud C.,8.0,28.0,4429.0,1739.0,6.0,2.0,7.0,6.0,,,,,,,2.0,0.0,Retired,154,2.0,147,15,91.0,15,0,100.0
2021-02-15,2021,Australian Open,Grand Slam,Outdoor,Hard,4th Round,5,Nadal R.,Fognini F.,2.0,17.0,9850.0,2535.0,6.0,3.0,6.0,4.0,6.0,2.0,,,,,3.0,0.0,Completed,207,3.0,206,23,90.0,19,2,90.0
2021-02-15,2021,Australian Open,Grand Slam,Outdoor,Hard,4th Round,5,Medvedev D.,Mcdonald M.,4.0,192.0,8715.0,345.0,6.0,4.0,6.0,2.0,6.0,3.0,,,,,3.0,0.0,Completed,195,3.0,195,10,95.0,14,1,93.0
2021-02-16,2021,Australian Open,Grand Slam,Outdoor,Hard,Quarterfinals,5,Djokovic N.,Zverev A.,1.0,7.0,12030.0,5615.0,6.0,7.0,6.0,2.0,6.0,4.0,7.0,6.0,,,3.0,1.0,Completed,216,4.0,216,27,89.0,33,6,85.0
2021-02-17,2021,Australian Open,Grand Slam,Outdoor,Hard,Quarterfinals,5,Medvedev D.,Rublev A.,4.0,8.0,8715.0,4429.0,7.0,5.0,6.0,3.0,6.0,2.0,,,,,3.0,0.0,Completed,195,3.0,195,20,91.0,14,0,100.0
2021-02-17,2021,Australian Open,Grand Slam,Outdoor,Hard,Quarterfinals,5,Tsitsipas S.,Nadal R.,6.0,2.0,5965.0,9850.0,3.0,6.0,2.0,6.0,7.0,6.0,6.0,4.0,7.0,5.0,3.0,2.0,Completed,170,5.0,166,19,90.0,17,6,74.0
2021-02-18,2021,Australian Open,Grand Slam,Outdoor,Hard,Semifinals,5,Djokovic N.,Karatsev A.,1.0,114.0,12030.0,642.0,6.0,3.0,6.0,4.0,6.0,2.0,,,,,3.0,0.0,Completed,216,3.0,216,4,98.0,33,0,100.0
2021-02-19,2021,Australian Open,Grand Slam,Outdoor,Hard,Semifinals,5,Medvedev D.,Tsitsipas S.,4.0,6.0,8715.0,5965.0,6.0,4.0,6.0,2.0,7.0,5.0,,,,,3.0,0.0,Completed,195,3.0,195,33,86.0,14,5,74.0
2021-02-21,2021,Australian Open,Grand Slam,Outdoor,Hard,The Final,5,Djokovic N.,Medvedev D.,1.0,4.0,12030.0,8715.0,7.0,5.0,6.0,2.0,6.0,2.0,,,,,3.0,0.0,Completed,216,3.0,216,18,92.0,33,2,94.0
2021-05-30,2021,French Open,Grand Slam,Outdoor,Clay,1st Round,5,Zverev A.,Otte O.,6.0,152.0,6990.0,485.0,3.0,6.0,3.0,6.0,6.0,2.0,6.0,2.0,6.0,0.0,3.0,2.0,Completed,226,5.0,226,4,98.0,24,3,89.0
2021-05-30,2021,French Open,Grand Slam,Outdoor,Clay,1st Round,5,Tsitsipas S.,Chardy J.,5.0,60.0,7500.0,1123.0,7.0,6.0,6.0,3.0,6.0,1.0,,,,,3.0,0.0,Completed,170,3.0,166,20,89.0,17,1,94.0
2021-05-31,2021,French Open,Grand Slam,Outdoor,Clay,1st Round,5,Federer R.,Istomin D.,8.0,204.0,5605.0,343.0,6.0,2.0,6.0,4.0,6.0,3.0,,,,,3.0,0.0,Completed,163,3.0,163,5,97.0,20,0,100.0
2021-05-31,2021,French Open,Grand Slam,Outdoor,Clay,1st Round,5,Medvedev D.,Bublik A.,2.0,37.0,9793.0,1613.0,6.0,3.0,6.0,3.0,7.0,5.0,,,,,3.0,0.0,Completed,195,3.0,195,11,95.0,14,1,93.0
2021-05-31,2021,French Open,Grand Slam,Outdoor,Clay,1st Round,5,Ruud C.,Paire B.,16.0,40.0,2690.0,1544.0,5.0,7.0,6.0,2.0,6.0,1.0,7.0,6.0,,,3.0,1.0,Completed,102,4.0,86,17,83.0,5,3,62.0
2021-06-01,2021,French Open,Grand Slam,Outdoor,Clay,1st Round,5,Djokovic N.,Sandgren T.,1.0,66.0,11313.0,1033.0,6.0,2.0,6.0,4.0,6.0,2.0,,,,,3.0,0.0,Completed,216,3.0,216,11,95.0,33,2,94.0
2021-06-01,2021,French Open,Grand Slam,Outdoor,Clay,1st Round,5,Nadal R.,Popyrin A.,3.0,63.0,9630.0,1052.0,6.0,3.0,6.0,2.0,7.0,6.0,,,,,3.0,0.0,Completed,207,3.0,206,10,95.0,19,2,90.0
2021-06-01,2021,French Open,Grand Slam,Outdoor,Clay,1st Round,5,Berrettini M.,Daniel T.,9.0,113.0,3958.0,716.0,6.0,0.0,6.0,4.0,4.0,6.0,6.0,4.0,,,3.0,1.0,Completed,107,4.0,104,6,95.0,19,2,90.0
2021-06-02,2021,French Open,Grand Slam,Outdoor,Clay,2nd Round,5,Ruud C.,Majchrzak K.,16.0,126.0,2690.0,636.0,6.0,3.0,6.0,2.0,6.0,4.0,,,,,3.0,0.0,Completed,102,3.0,86,1,99.0,5,0,100.0
2021-06-02,2021,French Open,Grand Slam,Outdoor,Clay,2nd Round,5,Zverev A.,Safiullin R.,6.0,182.0,6990.0,393.0,7.0,6.0,6.0,3.0,7.0,6.0,,,,,3.0,0.0,Completed,226,3.0,226,1,100.0,24,0,100.0
2021-06-02,2021,French Open,Grand Slam,Outdoor,Clay,2nd Round,5,Tsitsipas S.,Martinez P.,5.0,103.0,7500.0,793.0,6.0,3.0,6.0,4.0,6.0,3.0,,,,,3.0,0.0,Completed,170,3.0,166,5,97.0,17,1,94.0
2021-06-02,2021,French Open,Grand Slam,Outdoor,Clay,2nd Round,5,Medvedev D.,Paul T.,2.0,52.0,9793.0,1225.0,3.0,6.0,6.0,1.0,6.0,4.0,6.0,3.0,,,3.0,1.0,Completed,195,4.0,195,9,96.0,14,4,78.0
2021-06-03,2021,French Open,Grand Slam,Outdoor,Clay,2nd Round,5,Federer R.,Cilic M.,8.0,47.0,5605.0,1388.0,6.0,2.0,2.0,6.0,7.0,6.0,6.0,2.0,,,3.0,1.0,Completed,163,4.0,163,27,86.0,20,5,80.0
2021-06-03,2021,French Open,Grand Slam,Outdoor,Clay,2nd Round,5,Djokovic N.,Cuevas P.,1.0,92.0,11313.0,846.0,6.0,3.0,6.0,2.0,6.0,4.0,,,,,3.0,0.0,Completed,216,3.0,216,13,94.0,33,1,97.0
2021-06-03,2021,French Open,Grand Slam,Outdoor,Clay,2nd Round,5,Berrettini M.,Coria F.,9.0,94.0,3958.0,838.0,6.0,3.0,6.0,3.0,6.0,2.0,,,,,3.0,0.0,Completed,107,3.0,104,4,96.0,19,0,100.0
2021-06-03,2021,French Open,Grand Slam,Outdoor,Clay,2nd Round,5,Nadal R.,Gasquet R.,3.0,53.0,9630.0,1213.0,6.0,0.0,7.0,5.0,6.0,2.0,,,,,3.0,0.0,Completed,207,3.0,206,17,92.0,19,1,95.0
2021-06-04,2021,French Open,Grand Slam,Outdoor,Clay,3rd Round,5,Zverev A.,Djere L.,6.0,55.0,6990.0,1168.0,6.0,2.0,7.0,5.0,6.0,2.0,,,,,3.0,0.0,Completed,226,3.0,226,4,98.0,24,0,100.0
2021-06-04,2021,French Open,Grand Slam,Outdoor,Clay,3rd Round,5,Tsitsipas S.,Isner J.,5.0,34.0,7500.0,1730.0,5.0,7.0,6.0,3.0,7.0,6.0,6.0,1.0,,,3.0,1.0,Completed,170,4.0,166,14,92.0,17,1,94.0
2021-06-04,2021,French Open,Grand Slam,Outdoor,Clay,3rd Round,5,Medvedev D.,Opelka R.,2.0,35.0,9793.0,1726.0,6.0,4.0,6.0,2.0,6.0,4.0,,,,,3.0,0.0,Completed,195,3.0,195,9,96.0,14,0,100.0
2021-06-05,2021,French Open,Grand Slam,Outdoor,Clay,3rd Round,5,Nadal R.,Norrie C.,3.0,45.0,9630.0,1430.0,6.0,3.0,6.0,3.0,6.0,3.0,,,,,3.0,0.0,Completed,207,3.0,206,14,94.0,19,1,95.0
2021-06-05,2021,French Open,Grand Slam,Outdoor,Clay,3rd Round,5,Berrettini M.,Kwon S.W.,9.0,91.0,3958.0,854.0,7.0,6.0,6.0,3.0,6.0,4.0,,,,,3.0,0.0,Completed,107,3.0,104,3,97.0,19,0,100.0
2021-06-05,2021,French Open,Grand Slam,Outdoor,Clay,3rd Round,5,Djokovic N.,Berankis R.,1.0,93.0,11313.0,839.0,6.0,1.0,6.0,4.0,6.0,1.0,,,,,3.0,0.0,Completed,216,3.0,216,8,96.0,33,0,100.0
2021-06-05,2021,French Open,Grand Slam,Outdoor,Clay,3rd Round,5,Federer R.,Koepfer D.,8.0,59.0,5605.0,1134.0,7.0,6.0,6.0,7.0,7.0,6.0,7.0,5.0,,,3.0,1.0,Completed,163,4.0,163,9,95.0,20,2,91.0
2021-06-06,2021,French Open,Grand Slam,Outdoor,Clay,4th Round,5,Zverev A.,Nishikori K.,6.0,49.0,6990.0,1318.0,6.0,4.0,6.0,1.0,6.0,1.0,,,,,3.0,0.0,Completed,226,3.0,226,23,91.0,24,5,83.0
2021-06-06,2021,French Open,Grand Slam,Outdoor,Clay,4th Round,5,Medvedev D.,Garin C.,2.0,23.0,9793.0,2350.0,6.0,2.0,6.0,1.0,7.0,5.0,,,,,3.0,0.0,Completed,195,3.0,195,10,95.0,14,1,93.0
2021-06-06,2021,French Open,Grand Slam,Outdoor,Clay,4th Round,5,Tsitsipas S.,Carreno Busta P.,5.0,12.0,7500.0,3085.0,6.0,3.0,6.0,2.0,7.0,5.0,,,,,3.0,0.0,Completed,170,3.0,166,24,87.0,17,2,89.0
2021-06-07,2021,French Open,Grand Slam,Outdoor,Clay,4th Round,5,Berrettini M.,Federer R.,9.0,8.0,3958.0,5605.0,,,,,,,,,,,,,Walkover,107,0.0,104,12,90.0,19,2,90.0
2021-06-07,2021,French Open,Grand Slam,Outdoor,Clay,4th Round,5,Nadal R.,Sinner J.,3.0,19.0,9630.0,2500.0,7.0,5.0,6.0,3.0,6.0,0.0,,,,,3.0,0.0,Completed,207,3.0,206,12,94.0,19,0,100.0
2021-06-07,2021,French Open,Grand Slam,Outdoor,Clay,4th Round,5,Djokovic N.,Musetti L.,1.0,76.0,11313.0,950.0,6.0,7.0,6.0,7.0,6.0,1.0,6.0,0.0,4.0,0.0,2.0,2.0,Retired,216,4.0,216,4,98.0,33,1,97.0
2021-06-08,2021,French Open,Grand Slam,Outdoor,Clay,Quarterfinals,5,Tsitsipas S.,Medvedev D.,5.0,2.0,7500.0,9793.0,6.0,3.0,7.0,6.0,7.0,5.0,,,,,3.0,0.0,Completed,170,3.0,166,18,90.0,17,2,89.0
2021-06-08,2021,French Open,Grand Slam,Outdoor,Clay,Quarterfinals,5,Zverev A.,Davidovich Fokina A.,6.0,46.0,6990.0,1408.0,6.0,4.0,6.0,1.0,6.0,1.0,,,,,3.0,0.0,Completed,226,3.0,226,7,97.0,24,1,96.0
2021-06-09,2021,French Open,Grand Slam,Outdoor,Clay,Quarterfinals,5,Nadal R.,Schwartzman D.,3.0,10.0,9630.0,3465.0,6.0,3.0,4.0,6.0,6.0,4.0,6.0,0.0,,,3.0,1.0,Completed,207,4.0,206,29,88.0,19,5,79.0
2021-06-09,2021,French Open,Grand Slam,Outdoor,Clay,Quarterfinals,5,Djokovic N.,Berrettini M.,1.0,9.0,11313.0,3958.0,6.0,3.0,6.0,2.0,6.0,7.0,7.0,5.0,,,3.0,1.0,Completed,216,4.0,216,16,93.0,33,6,85.0
2021-06-11,2021,French Open,Grand Slam,Outdoor,Clay,Semifinals,5,Tsitsipas S.,Zverev A.,5.0,6.0,7500.0,6990.0,6.0,3.0,6.0,3.0,4.0,6.0,4.0,6.0,6.0,3.0,3.0,2.0,Completed,170,5.0,166,27,86.0,17,6,74.0
2021-06-11,2021,French Open,Grand Slam,Outdoor,Clay,Semifinals,5,Djokovic N.,Nadal R.,1.0,3.0,11313.0,9630.0,3.0,6.0,6.0,3.0,7.0,6.0,6.0,2.0,,,3.0,1.0,Completed,216,4.0,216,19,92.0,33,6,85.0
2021-06-13,2021,French Open,Grand Slam,Outdoor,Clay,The Final,5,Djokovic N.,Tsitsipas S.,1.0,5.0,11313.0,7500.0,6.0,7.0,2.0,6.0,6.0,3.0,6.0,2.0,6.0,4.0,3.0,2.0,Completed,216,5.0,216,33,87.0,33,5,87.0
2021-06-28,2021,Wimbledon,Grand Slam,Outdoor,Grass,1st Round,5,Djokovic N.,Draper J.,1.0,253.0,12113.0,255.0,4.0,6.0,6.0,1.0,6.0,2.0,6.0,2.0,,,3.0,1.0,Completed,216,4.0,216,1,100.0,33,1,97.0
2021-06-28,2021,Wimbledon,Grand Slam,Outdoor,Grass,1st Round,5,Rublev A.,Delbonis F.,7.0,47.0,6120.0,1360.0,4.0,6.0,6.0,4.0,6.0,1.0,6.0,2.0,,,3.0,1.0,Completed,154,4.0,147,11,93.0,15,1,94.0
2021-06-29,2021,Wimbledon,Grand Slam,Outdoor,Grass,1st Round,5,Medvedev D.,Struff J.L.,2.0,45.0,10280.0,1455.0,6.0,4.0,6.0,1.0,4.0,6.0,7.0,6.0,,,3.0,1.0,Completed,195,4.0,195,23,89.0,14,3,82.0
2021-06-29,2021,Wimbledon,Grand Slam,Outdoor,Grass,1st Round,5,Zverev A.,Griekspoor T.,6.0,124.0,7305.0,673.0,6.0,3.0,6.0,4.0,6.0,1.0,,,,,3.0,0.0,Completed,226,3.0,226,3,99.0,24,0,100.0
2021-06-29,2021,Wimbledon,Grand Slam,Outdoor,Grass,1st Round,5,Federer R.,Mannarino A.,8.0,41.0,4815.0,1571.0,6.0,4.0,6.0,7.0,3.0,6.0,6.0,2.0,,,2.0,2.0,Retired,163,4.0,163,21,89.0,20,3,87.0
2021-06-30,2021,Wimbledon,Grand Slam,Outdoor,Grass,2nd Round,5,Rublev A.,Harris L.,7.0,51.0,6120.0,1268.0,6.0,1.0,6.0,2.0,7.0,5.0,,,,,3.0,0.0,Completed,154,3.0,147,11,93.0,15,2,88.0
2021-06-30,2021,Wimbledon,Grand Slam,Outdoor,Grass,2nd Round,5,Djokovic N.,Anderson K.,1.0,102.0,12113.0,753.0,6.0,3.0,6.0,3.0,6.0,3.0,,,,,3.0,0.0,Completed,216,3.0,216,21,91.0,33,1,97.0
2021-06-30,2021,Wimbledon,Grand Slam,Outdoor,Grass,1st Round,5,Berrettini M.,Pella G.,9.0,59.0,4468.0,1114.0,6.0,4.0,3.0,6.0,6.0,4.0,6.0,0.0,,,3.0,1.0,Completed,107,4.0,104,12,90.0,19,1,95.0
2021-07-01,2021,Wimbledon,Grand Slam,Outdoor,Grass,2nd Round,5,Zverev A.,Sandgren T.,6.0,68.0,7305.0,1019.0,7.0,5.0,6.0,2.0,6.0,3.0,,,,,3.0,0.0,Completed,226,3.0,226,11,95.0,24,2,92.0
2021-07-01,2021,Wimbledon,Grand Slam,Outdoor,Grass,2nd Round,5,Federer R.,Gasquet R.,8.0,56.0,4815.0,1148.0,7.0,6.0,6.0,1.0,6.0,4.0,,,,,3.0,0.0,Completed,163,3.0,163,17,91.0,20,1,95.0
2021-07-01,2021,Wimbledon,Grand Slam,Outdoor,Grass,2nd Round,5,Berrettini M.,Van De Zandschulp B.,9.0,139.0,4468.0,540.0,6.0,3.0,6.0,4.0,7.0,6.0,,,,,3.0,0.0,Completed,107,3.0,104,2,98.0,19,1,95.0
2021-07-01,2021,Wimbledon,Grand Slam,Outdoor,Grass,2nd Round,5,Medvedev D.,Alcaraz C.,2.0,75.0,10280.0,924.0,6.0,4.0,6.0,1.0,6.0,2.0,,,,,3.0,0.0,Completed,195,3.0,195,4,98.0,14,0,100.0
2021-07-02,2021,Wimbledon,Grand Slam,Outdoor,Grass,3rd Round,5,Djokovic N.,Kudla D.,1.0,114.0,12113.0,698.0,6.0,4.0,6.0,3.0,7.0,6.0,,,,,3.0,0.0,Completed,216,3.0,216,9,96.0,33,1,97.0
2021-07-02,2021,Wimbledon,Grand Slam,Outdoor,Grass,3rd Round,5,Rublev A.,Fognini F.,7.0,31.0,6120.0,1868.0,6.0,3.0,5.0,7.0,6.0,4.0,6.0,2.0,,,3.0,1.0,Completed,154,4.0,147,23,86.0,15,2,88.0
2021-07-03,2021,Wimbledon,Grand Slam,Outdoor,Grass,3rd Round,5,Federer R.,Norrie C.,8.0,34.0,4815.0,1770.0,6.0,4.0,6.0,4.0,5.0,7.0,6.0,4.0,,,3.0,1.0,Completed,163,4.0,163,14,92.0,20,1,95.0
2021-07-03,2021,Wimbledon,Grand Slam,Outdoor,Grass,3rd Round,5,Berrettini M.,Bedene A.,9.0,64.0,4468.0,1089.0,6.0,4.0,6.0,4.0,6.0,4.0,,,,,3.0,0.0,Completed,107,3.0,104,16,87.0,19,2,90.0
2021-07-03,2021,Wimbledon,Grand Slam,Outdoor,Grass,3rd Round,5,Zverev A.,Fritz T.,6.0,40.0,7305.0,1590.0,6.0,7.0,6.0,4.0,6.0,3.0,7.0,6.0,,,3.0,1.0,Completed,226,4.0,226,14,94.0,24,6,80.0
2021-07-03,2021,Wimbledon,Grand Slam,Outdoor,Grass,3rd Round,5,Medvedev D.,Cilic M.,2.0,37.0,10280.0,1660.0,6.0,7.0,3.0,6.0,6.0,3.0,6.0,3.0,6.0,2.0,3.0,2.0,Completed,195,5.0,195,27,88.0,14,5,74.0
2021-07-05,2021,Wimbledon,Grand Slam,Outdoor,Grass,4th Round,5,Djokovic N.,Garin C.,1.0,20.0,12113.0,2440.0,6.0,2.0,6.0,4.0,6.0,2.0,,,,,3.0,0.0,Completed,216,3.0,216,10,96.0,33,1,97.0
2021-07-05,2021,Wimbledon,Grand Slam,Outdoor,Grass,4th Round,5,Federer R.,Sonego L.,8.0,27.0,4815.0,2038.0,7.0,5.0,6.0,4.0,6.0,2.0,,,,,3.0,0.0,Completed,163,3.0,163,11,94.0,20,0,100.0
2021-07-05,2021,Wimbledon,Grand Slam,Outdoor,Grass,4th Round,5,Berrettini M.,Ivashka I.,9.0,79.0,4468.0,900.0,6.0,4.0,6.0,3.0,6.0,1.0,,,,,3.0,0.0,Completed,107,3.0,104,8,93.0,19,1,95.0
2021-07-07,2021,Wimbledon,Grand Slam,Outdoor,Grass,Quarterfinals,5,Berrettini M.,Auger-Aliassime F.,9.0,19.0,4468.0,2468.0,6.0,3.0,5.0,7.0,7.0,5.0,6.0,3.0,,,3.0,1.0,Completed,107,4.0,104,18,85.0,19,1,95.0
2021-07-07,2021,Wimbledon,Grand Slam,Outdoor,Grass,Quarterfinals,5,Djokovic N.,Fucsovics M.,1.0,48.0,12113.0,1344.0,6.0,3.0,6.0,4.0,6.0,4.0,,,,,3.0,0.0,Completed,216,3.0,216,16,93.0,33,3,92.0
2021-07-09,2021,Wimbledon,Grand Slam,Outdoor,Grass,Semifinals,5,Djokovic N.,Shapovalov D.,1.0,12.0,12113.0,2915.0,7.0,6.0,7.0,5.0,7.0,5.0,,,,,3.0,0.0,Completed,216,3.0,216,16,93.0,33,1,97.0
2021-07-09,2021,Wimbledon,Grand Slam,Outdoor,Grass,Semifinals,5,Berrettini M.,Hurkacz H.,9.0,18.0,4468.0,2533.0,6.0,3.0,6.0,0.0,6.0,7.0,6.0,4.0,,,3.0,1.0,Completed,107,4.0,104,14,88.0,19,2,90.0
2021-07-11,2021,Wimbledon,Grand Slam,Outdoor,Grass,The Final,5,Djokovic N.,Berrettini M.,1.0,9.0,12113.0,4468.0,6.0,7.0,6.0,4.0,6.0,4.0,6.0,3.0,,,3.0,1.0,Completed,216,4.0,216,16,93.0,33,6,85.0
2021-08-30,2021,US Open,Grand Slam,Outdoor,Hard,1st Round,5,Rublev A.,Karlovic I.,7.0,221.0,6400.0,309.0,6.0,3.0,7.0,6.0,6.0,3.0,,,,,3.0,0.0,Completed,154,3.0,147,2,99.0,15,0,100.0
2021-08-30,2021,US Open,Grand Slam,Outdoor,Hard,1st Round,5,Ruud C.,Sugita Y.,11.0,131.0,3455.0,612.0,6.0,3.0,6.0,2.0,6.0,2.0,,,,,3.0,0.0,Completed,102,3.0,86,6,93.0,5,0,100.0
2021-08-30,2021,US Open,Grand Slam,Outdoor,Hard,1st Round,5,Tsitsipas S.,Murray A.,3.0,112.0,8350.0,740.0,2.0,6.0,7.0,6.0,3.0,6.0,6.0,3.0,6.0,4.0,3.0,2.0,Completed,170,5.0,166,9,95.0,17,1,94.0
2021-08-31,2021,US Open,Grand Slam,Outdoor,Hard,1st Round,5,Berrettini M.,Chardy J.,8.0,70.0,5533.0,994.0,7.0,6.0,7.0,6.0,6.0,3.0,,,,,3.0,0.0,Completed,107,3.0,104,20,84.0,19,1,95.0
2021-08-31,2021,US Open,Grand Slam,Outdoor,Hard,1st Round,5,Medvedev D.,Gasquet R.,2.0,79.0,9980.0,918.0,6.0,4.0,6.0,3.0,6.0,1.0,,,,,3.0,0.0,Completed,195,3.0,195,17,92.0,14,1,93.0
2021-08-31,2021,US Open,Grand Slam,Outdoor,Hard,1st Round,5,Zverev A.,Querrey S.,4.0,78.0,8240.0,943.0,6.0,4.0,7.0,5.0,6.0,2.0,,,,,3.0,0.0,Completed,226,3.0,226,11,95.0,24,1,96.0
2021-09-01,2021,US Open,Grand Slam,Outdoor,Hard,2nd Round,5,Medvedev D.,Koepfer D.,2.0,57.0,9980.0,1175.0,6.0,4.0,6.0,1.0,6.0,2.0,,,,,3.0,0.0,Completed,195,3.0,195,9,96.0,14,2,88.0
2021-09-01,2021,US Open,Grand Slam,Outdoor,Hard,1st Round,5,Djokovic N.,Rune H.,1.0,145.0,11113.0,541.0,6.0,1.0,6.0,7.0,6.0,2.0,6.0,1.0,,,3.0,1.0,Completed,216,4.0,216,3,99.0,33,1,97.0
2021-09-01,2021,US Open,Grand Slam,Outdoor,Hard,2nd Round,5,Rublev A.,Martinez P.,7.0,75.0,6400.0,950.0,7.0,6.0,6.0,7.0,6.0,1.0,6.0,1.0,,,3.0,1.0,Completed,154,4.0,147,5,97.0,15,1,94.0
2021-09-02,2021,US Open,Grand Slam,Outdoor,Hard,2nd Round,5,Tsitsipas S.,Mannarino A.,3.0,44.0,8350.0,1469.0,6.0,3.0,6.0,4.0,6.0,7.0,6.0,0.0,,,3.0,1.0,Completed,170,4.0,166,21,89.0,17,3,85.0
2021-09-02,2021,US Open,Grand Slam,Outdoor,Hard,2nd Round,5,Zverev A.,Ramos-Vinolas A.,4.0,48.0,8240.0,1400.0,6.0,1.0,6.0,0.0,6.0,3.0,,,,,3.0,0.0,Completed,226,3.0,226,17,93.0,24,0,100.0
2021-09-02,2021,US Open,Grand Slam,Outdoor,Hard,2nd Round,5,Berrettini M.,Moutet C.,8.0,88.0,5533.0,873.0,7.0,6.0,4.0,6.0,6.0,4.0,6.0,3.0,,,3.0,1.0,Completed,107,4.0,104,6,95.0,19,1,95.0
2021-09-03,2021,US Open,Grand Slam,Outdoor,Hard,3rd Round,5,Medvedev D.,Andujar P.,2.0,74.0,9980.0,970.0,6.0,0.0,6.0,4.0,6.0,3.0,,,,,3.0,0.0,Completed,195,3.0,195,8,96.0,14,1,93.0
2021-09-03,2021,US Open,Grand Slam,Outdoor,Hard,2nd Round,5,Djokovic N.,Griekspoor T.,1.0,121.0,11113.0,675.0,6.0,2.0,6.0,3.0,6.0,2.0,,,,,3.0,0.0,Completed,216,3.0,216,3,99.0,33,0,100.0
2021-09-04,2021,US Open,Grand Slam,Outdoor,Hard,3rd Round,5,Djokovic N.,Nishikori K.,1.0,56.0,11113.0,1208.0,6.0,7.0,6.0,3.0,6.0,3.0,6.0,2.0,,,3.0,1.0,Completed,216,4.0,216,23,90.0,33,5,87.0
2021-09-04,2021,US Open,Grand Slam,Outdoor,Hard,3rd Round,5,Berrettini M.,Ivashka I.,8.0,53.0,5533.0,1250.0,6.0,7.0,6.0,2.0,6.0,4.0,2.0,6.0,6.0,3.0,3.0,2.0,Completed,107,5.0,104,8,93.0,19,1,95.0
2021-09-05,2021,US Open,Grand Slam,Outdoor,Hard,3rd Round,5,Zverev A.,Sock J.,4.0,184.0,8240.0,393.0,3.0,6.0,6.0,2.0,6.0,3.0,2.0,1.0,,,2.0,1.0,Retired,226,3.0,226,12,95.0,24,2,92.0
2021-09-05,2021,US Open,Grand Slam,Outdoor,Hard,4th Round,5,Medvedev D.,Evans D.,2.0,27.0,9980.0,2074.0,6.0,3.0,6.0,4.0,6.0,3.0,,,,,3.0,0.0,Completed,195,3.0,195,13,94.0,14,0,100.0
2021-09-06,2021,US Open,Grand Slam,Outdoor,Hard,4th Round,5,Zverev A.,Sinner J.,4.0,16.0,8240.0,2750.0,6.0,4.0,6.0,4.0,7.0,6.0,,,,,3.0,0.0,Completed,226,3.0,226,12,95.0,24,0,100.0
2021-09-06,2021,US Open,Grand Slam,Outdoor,Hard,4th Round,5,Berrettini M.,Otte O.,8.0,144.0,5533.0,543.0,6.0,4.0,3.0,6.0,6.0,3.0,6.0,2.0,,,3.0,1.0,Completed,107,4.0,104,4,96.0,19,3,86.0
2021-09-07,2021,US Open,Grand Slam,Outdoor,Hard,4th Round,5,Djokovic N.,Brooksby J.,1.0,99.0,11113.0,812.0,1.0,6.0,6.0,3.0,6.0,2.0,6.0,2.0,,,3.0,1.0,Completed,216,4.0,216,2,99.0,33,1,97.0
2021-09-07,2021,US Open,Grand Slam,Outdoor,Hard,Quarterfinals,5,Medvedev D.,Van De Zandschulp B.,2.0,117.0,9980.0,698.0,6.0,3.0,6.0,0.0,4.0,6.0,7.0,5.0,,,3.0,1.0,Completed,195,4.0,195,2,99.0,14,1,93.0
2021-09-08,2021,US Open,Grand Slam,Outdoor,Hard,Quarterfinals,5,Zverev A.,Harris L.,4.0,46.0,8240.0,1443.0,7.0,6.0,6.0,3.0,6.0,4.0,,,,,3.0,0.0,Completed,226,3.0,226,11,95.0,24,2,92.0
2021-09-09,2021,US Open,Grand Slam,Outdoor,Hard,Quarterfinals,5,Djokovic N.,Berrettini M.,1.0,8.0,11113.0,5533.0,5.0,7.0,6.0,2.0,6.0,2.0,6.0,3.0,,,3.0,1.0,Completed,216,4.0,216,16,93.0,33,6,85.0
2021-09-10,2021,US Open,Grand Slam,Outdoor,Hard,Semifinals,5,Medvedev D.,Auger-Aliassime F.,2.0,15.0,9980.0,2828.0,6.0,4.0,7.0,5.0,6.0,2.0,,,,,3.0,0.0,Completed,195,3.0,195,18,92.0,14,1,93.0
2021-09-11,2021,US Open,Grand Slam,Outdoor,Hard,Semifinals,5,Djokovic N.,Zverev A.,1.0,4.0,11113.0,8240.0,4.0,6.0,6.0,2.0,6.0,4.0,4.0,6.0,6.0,2.0,3.0,2.0,Completed,216,5.0,216,27,89.0,33,6,85.0
2021-09-12,2021,US Open,Grand Slam,Outdoor,Hard,The Final,5,Medvedev D.,Djokovic N.,2.0,1.0,9980.0,11113.0,6.0,4.0,6.0,4.0,6.0,4.0,,,,,3.0,0.0,Completed,195,3.0,195,18,92.0,14,1,93.0
